题目：,考核点：,难度：,试题解析：,正确答案：,
“套路贷”的“借款”是被告人侵吞被害人房产财产的借口，所以“套路贷”是以“借款”为名行非法占有被害人财物之实。而高利贷出借人希望借款人按约定支付高额利息并返还本金，目的是为了获取高额利息,反诈防骗,易, “套路贷”的“借款”是被告人侵吞被害人房产财产的借口，所以“套路贷”是以“借款”为名行非法占有被害人财物之实。而高利贷出借人希望借款人按约定支付高额利息并返还本金，目的是为了获取高额利息（ ）,正确,
当你的朋友突然使用qq或者微信向你借钱时，立刻使用QQ或者微信转账。,反诈防骗,易,诈骗分子套路多，金融消费者需提高警惕，谨防诈骗,错误,
 当你在电商平台消费时，银行卡最安全的使用方式是专门办理一张银行卡，放入适当资金用于购物。,反诈防骗,易, 当你在电商平台消费时，银行卡最安全的使用方式是专门办理一张银行卡，放入适当资金用于购物。,正确,
 金融消费者在购买金融产品和接受金融服务过程中的财产安全由金融消费者自行负责。,金融基础知识,易, 金融消费者在购买金融产品和接受金融服务过程中的财产安全由金融机构负责。,错误,
 某人一年多未联系的好友通过QQ向其借钱，并称自己银行卡已挂失，让其将钱打到一陌生人的账户之上，陈某觉得朋友既然开口，必定有困难需要帮助，便将钱汇向对方提供的账户里,反诈防骗,易,诈骗分子套路多，金融消费者需提高警惕，谨防诈骗,错误,
 收到“有人为你点歌，请回复……”的手机信息后，最好是不予理睬。,反诈防骗,易, 收到“有人为你点歌，请回复……”的手机信息后，最好是不予理睬。,正确,
 游戏账号充值及交易，在非正规平台进行交易，与对方进行交易。,反诈防骗,易,诈骗分子套路多，金融消费者需提高警惕，谨防诈骗,错误,
 欲参加社会培训，只要看下培训方承诺的主要内容就可以了。,反诈防骗,易,诈骗分子套路多，金融消费者需提高警惕，谨防诈骗,错误,
“天上不会掉馅饼，宣扬‘保本高收益’就是金融诈骗”的说法正确吗？,反诈防骗,易,“天上不会掉馅饼，宣扬‘保本高收益’就是金融诈骗”,正确,
“征信修复”不可信，任何人都无法删除或者修改信用报告上展示的正确信息，“征信修复”是骗局。,反诈防骗,易,无,正确,
《保险法》规定，投保人故意不履行如实告知义务的，保险人对于合同解除前发生的保险事故不承担赔偿或者给付保险金的责任。,金融基础知识,易,《保险法》第16条第4款规定：“投保人故意不履行如实告知义务的，保险人对于保险合同解除前发生的保险事故，不承担赔偿或者给付保险金的责任，并不退还保险费。,正确,
QQ或微信上收到好朋友借钱的消息，应电话联系该好友确定消息真假。,反诈防骗,易,为防诈骗，QQ或微信上收到好朋友借钱的消息应先电话确定消息真假，避免别人冒用好友头像或社交账号行骗，导致自己的钱财被骗。,正确,
办理停息停贷后便不会影响征信。,金融基础知识,易,选择停息后意味无法按时还款，这本身就会在征信记录中留下不良记录。,错误,
保险公司不得使用强制搭售、信息系统或者网页默认勾选等方式与投保人订立保险合同。,综合类,易,根据《保险销售行为管理办法》（2023年第2号令）第二十三条保险公司不得使用强制搭售、信息系统或者网页默认勾选等方式与投保人订立保险合同。,正确,
保险公司和商业银行应当在客户投诉、退保等事件发生的第一时间积极处理，属于哪个部门由哪个部门负责，不得相互推诿，避免产生负面影响使事态扩大。,金融消费者八项权益,易,无,错误,
保险公司可以在保险事故发生后以不同于核保时的标准重新对保险标的或者被保险人的有关情况进行审核。,金融基础知识,易,保险公司不得在保险事故发生后以不同于核保时的标准重新对保险标的或者被保险人的有关情况进行审核。,错误,
保险活动当事人行使权力、履行义务应当遵守诚实信用原则。,金融基础知识,易,无,正确,
保险机构作为企业，其从业人员在业交往中收送礼物不受规定限制。,金融基础知识,易,无,错误,
保险接触个人金融信息岗位的从业人员在上岗前，应当书面做出保密承诺。,个人信息保护,易,无,正确,
保险金额是指投保人缴纳保险费的金额。,金融基础知识,易,保险金额指的是保险公司根据保单合同规定对投保人进行赔付的最高限额，根据保额的多少来计算投保人实际需要支付的保费。,错误,
保险金融机构根据业务需要和风险防范，可以收集与业务无关的个人信息。,个人信息保护,易,无,错误,
保险金融机构在收集、保存、使用、对外提供个人金融信息时，应当遵守信用。,个人信息保护,易,无,正确,
保险期间即保险合同的有效期，是保险合同从开始生效到终止的这一段时间。,金融基础知识,易,保险起见是保险责任从开始生效到终止的这段时间，也是保险人承担保险责任、被保险人享有保单保障的期限。,正确,
保险事故发生后，投保人、被保险人或者受益人以伪造、变造的有关证明、资料或者其他证据，编造虚假的事故原因或者夸大损失程度的，保险人对其虚报的部分不承担赔偿或者给付保险金的责任。,金融基础知识,易,《保险法》第二十七条 保险事故发生后，投保人、被保险人或者受益人以伪造、变造的有关证明、资料或者其他证据，编造虚假的事故原因或者夸大损失程度的，保险人对其虚报的部分不承担赔偿或者给付保险金的责任。,正确,
保险销售人员在产品销售过程中应当以书面形式向投保人提供保险监管部门要求的投保提示书、产品说明书，应当引导投保人在投保单上填写真实完整的客户信息，并在人身保险新型产品投保书上抄录有关声明，可代抄录有关声明或代投保人或被保险人签名。,金融基础知识,易,无,错误,
被保险人或受益人在未发生保险事故的情况下谎称发生了保险事故属于保险欺诈行为。,反诈防骗,易,无,正确,
被保险人是指其财产或者人身受保险合同保障，享有保险金请求权的人。投保人不得为被保险人,金融基础知识,易,无,错误,
不变相强制收集消费者个人信息，防控信息泄露风险属于金融消费者八项权利中的信息安全权的要求。,金融消费者八项权益,易,信息安全权要求金融机构不变相强制收集消费者个人信息，防控信息泄露风险。,正确,
不得因金融消费者性别、年龄、种族、民族或者国籍等不同实行歧视性差别对待，不得使用歧视性或者违背公序良俗的表述。,金融基础知识,易,不得因金融消费者性别、年龄、种族、民族或者国籍等不同实行歧视性差别对待，不得使用歧视性或者违背公序良俗的表述。,正确,
不满十四周岁未成年人的个人信息属于敏感个人信息。,个人信息保护,易,不满十四周岁未成年人的个人信息属于敏感个人信息。,正确,
不向陌生人提供身份证号码、工作单位、家庭住址等重要信息，不保存身份证照片或号码在手机上，谨慎处理个人账户信息，核实网站域名的真实性，避免点击可疑链接或扫描非正规渠道的二维码,反诈防骗,易,不向陌生人提供身份证号码、工作单位、家庭住址等重要信息，不保存身份证照片或号码在手机上，谨慎处理个人账户信息，核实网站域名的真实性，避免点击可疑链接或扫描非正规渠道的二维码,正确,
不要轻易地向陌生人汇款、转账、若是遇到必须要汇款转账的情况一定要再三核实对方的信息,反诈防骗,易,不要轻易地向陌生人汇款、转账、若是遇到必须要汇款转账的情况一定要再三核实对方的信息,正确,
财产险商业责任险的被保人向保险人请求赔偿保险金的诉讼时效期为被保人对第三者应负的赔偿责任确定之日算起,金融基础知识,易,无,正确,
财务状况、投资目标可以影响金融消费者的适当性，但风险承受能力不会影响。,适当性原则,易,财务状况、投资目风险承受能力可以影响金融消费者的适当性,错误,
参与网络赌博，公安查不到，也不会被处罚。,反诈防骗,易,无,错误,
车险缴费可以直接向保险营销员转款，以便实现快捷投保。,金融基础知识,易,2019年6月1日起，云南省已全面实施车险投保人缴费实名认证，进一步规范保险销售行为，维护消费者的知情权和选择权。对投保人或被保险人为自然人的缴费客户，必须通过中国保信全国车险平台手机号码校验、投保短信验证和车险缴费实名认证系统进行实名验证。严禁保险公司、保险中介机构、保险从业人员以各种形式垫付保费。,错误,
承诺高频回报、以虚假宣传造势、编造虚假项目、夸大投资收益等等都是非法集资常见的手段。,反诈防骗,易,无,正确,
程同学在网上收到闺蜜发来的QQ消息，称她手机被偷，急需买一个新手机，向她暂借500元。碍于姐妹情谊，程同学二话不说就给对方打款。,反诈防骗,易,在qq或微信中遇到好友向你借钱或网银，这时应当先联系对方，询问相关情况，确认属实后在进行相关操作。,错误,
程先生在网上订购了机票，这天他突然收到“航空公司客服”发来短信，称他的航班已取消，如需退票或改签请和短信中所留客服联络。程先生马上拨打该联络改签机票。,反诈防骗,易,遇到疑似电信诈骗时，不要盲目轻信，要多作调查印证。,错误,
除非另有规定，否则银行不得向境外提供境内消费者金融信息。,个人信息保护,易,除非另有规定，否则银行不得向境外提供境内消费者金融信息。,正确,
处理个人信息应当遵循公开、透明原则，公开个人信息处理规则，明示处理的目的、方式和范围。,个人信息保护,易,处理个人信息应当遵循公开、透明原则，公开个人信息处理规则，明示处理的目的、方式和范围。,正确,
处理消费者个人信息应当取得个人的同意，涉及敏感信息的，需进行脱敏处理。处理不满14周岁未成年人个人信息时，应取得其父母或者监护人的同意。,个人信息保护,易,《个人信息保护法》规定商家处理敏感个人信息要取得本人的单独同意；处理不满十四周岁未成年人个人信息的，应当取得其父母或者监护人的同意。,正确,
存款保险保费由投保的银行业金融机构的储户交纳。,金融基础知识,易,无,错误,
存款保险的保障范围是存款本金和存款利息。,金融基础知识,易,无,正确,
存款人在异地开展临时经营活动，可申请开立临时存款账户。,金融基础知识,易,无,正确,
大学生网购时，如遇到商家要求使用“花呗”、“借呗”时，要谨慎对待。,反诈防骗,易,大学生网购时，如遇到商家要求使用“花呗”、“借呗”时，要谨慎对待。,正确,
大学生应培养自己的勤俭意识，及时发现并纠正自己从众消费、过度消费等错误观念。,金融基础知识,易,大学生应培养自己的勤俭意识，及时发现并纠正自己从众消费、过度消费等错误观念。,正确,
代收代付业务中，银行仅对指令执行的准确与否负责，不对收付指令的正确与否负责。,金融基础知识,易,代收代付业务中，银行仅对指令执行的准确与否负责，不对收付指令的正确与否负责。,正确,
贷款人有权拒绝任何单位和个人强令其发放贷款或者提供担保。,金融基础知识,易,贷款人有权拒绝任何单位和个人强令其发放贷款或者提供担保。,正确,
当不法人员冒充香港等地富家子弟，以自己现金被盗.信用卡被锁死不能取出现金，希望借用你的银行卡，说是用你的银行卡让家里转些钱用，并询问你银行卡的密码。由于你是一名心地善良的大学生，你应该选择信任他，并对他寄予帮助。,反诈防骗,易,应提高警惕，不能随意借款或告知其银行卡密码。,错误,
"当个人信息控制者停止运营其产品或服务时,应当对其所持有的个人信息进行删除或匿名化处理。",个人信息保护,易,"当个人信息控制者停止运营其产品或服务时,应当对其所持有的个人信息进行删除或匿名化处理。",正确,
当你在网上购买游戏点卡，对方称点卡购买超时，需要重新下单，应该停止付款，立即报警。,反诈防骗,易,当你在网上购买游戏点卡，对方称点卡购买超时，需要重新下单，应该停止付款，立即报警。,正确,
当您的手机收到一条告知您网银需要升级的短信时，马上点开链接按要求操作。,反诈防骗,易,无,错误,
当去做兼职为了有保障让你提交押金和身份证时，应该按要求提交。,反诈防骗,易,诈骗分子套路多，金融消费者需提高警惕，谨防诈骗,错误,
当消费者未按合同规定支付保管箱相关费用时，银行有权拒绝提供开箱服务。,金融基础知识,易,当消费者未按合同规定支付保管箱相关费用时，银行有权拒绝提供开箱服务。,正确,
当遭遇电信网络诈骗后，应及时准确将骗子的账号、账户姓名提供给民警。,反诈防骗,易,无,正确,
电子银行交易指令一经确认、执行，不得要求变更或撤销。,金融基础知识,易,电子银行交易指令一经确认、执行，不得要求变更或撤销。,正确,
"订立保险合同时，保险销售人员应当对免除或者减轻保险人责任的条款作出提示，并对有关免除保险人责任条款的概念、内容及其法律后果以书面或者口头形式向投保人作出明确的常人能够理解的解释说明。
",综合类,易,根据《保险销售行为管理办法》（2023年第2号令）规定，订立保险合同时，保险销售人员应当对免除或者减轻保险人责任的条款作出提示，并对有关免除保险人责任条款的概念、内容及其法律后果以书面或者口头形式向投保人作出明确的常人能够理解的解释说明。,正确,
对非法集资协助人，由处置非法集资牵头部门给予警告、处罚款；构成犯罪的，依法追究刑事责任。,反诈防骗,易,《防范和处置非法集资条例》规定，对非法集资人，由处置非法集资牵头部门处集资金额20%以上1倍以下的罚款。非法集资人为单位的，还可以根据情节轻重责令停产停业，由有关机关依法吊销许可证、营业执照或者登记证书；对其法定代表人或者主要负责人、直接负责的主管人员和其他直接责任人员给予警告，处50万元以上500万元以下的罚款。构成犯罪的，依法追究刑事责任。,正确,
对于金融机构来说，金融消费者权益保护服务平台建设将促进投诉处理提质增效。,金融基础知识,易,无,正确,
对于消费者的存款意愿，银行不得拒绝。,金融基础知识,易,存款自由的原则,正确,
多元纠纷解决机制包括诉讼、仲裁、调解、和解等多种方式,多元纠纷机制,易,多元纠纷解决机制包括诉讼、仲裁、调解、和解等多种方式，这些方式各有特点，可以根据具体情况选择使用。,正确,
多元纠纷解决机制不包含调解和仲裁。,多元纠纷机制,易,多元纠纷解决机制包含调解、仲裁、行政裁决及行政复议、诉讼,错误,
发生保险事故时，被保险人或驾驶人应当及时采取合理的、必要的施救和保护措施，防止或者减少损失，并在保险事故发生后及时通知保险人。,金融基础知识,易,发生保险事故时，被保险人或驾驶人应当及时采取合理的、必要的施救和保护措施，防止或者减少损失，并在保险事故发生后及时通知保险人。,正确,
发生保险事故时，出现驾驶员的驾驶证状态为“注销可恢复”属于保险责任。,金融基础知识,易,无,错误,
发现存款变保险后可寻求代理退保机构或个人协助处理。,金融基础知识,易,出现存款变理财产品后要使用正规的途径进行处理，切不可被不发分子利用，以至于利益受损。,错误,
发现自己被骗子诱惑而进行汇款、转账操作后，首先应该第一时间联系银行、网络平台等支付机构采取相应应急措施，力争及时挽回损失,反诈防骗,易,要通过正规官方渠道维权,正确,
凡是让你刷单信誉赚钱的一定是诈骗。,反诈防骗,易,凡是让你刷单信誉赚钱的一定是诈骗。,正确,
凡是在微信、QQ等网络上先与你交友恋爱，后带你投资理财的一定是诈骗。,反诈防骗,易,凡是在微信、QQ等网络上先与你交友恋爱，后带你投资理财的一定是诈骗。,正确,
反电信网络诈骗法规定，办理电话卡不得超出国家有关规定限制的数量。,反诈防骗,易,反电信网络诈骗法规定，办理电话卡不得超出国家有关规定限制的数量。,正确,
反欺诈工作以保护保险消费者合法权益，维护保险市场秩序，促进保险行业健康发展为目标。,反诈防骗,易,《反保险欺诈指引》,正确,
反诈防骗知识是金融教育中不可或缺的一部分，可以帮助消费者识别和防范各种金融诈骗手段。,反诈防骗,易,反诈防骗知识确实是金融教育中不可或缺的一部分。通过学习和掌握反诈防骗知识，金融消费者可以更好地识别和防范各种金融诈骗手段，保护自己的财产安全。,正确,
防范电信网络诈骗的三不原则是不听信、不转账、不参与。,反诈防骗,易,无,正确,
防范电信诈骗三不原则:不轻易、不透露、不转账!,反诈防骗,易,防范电信诈骗三不原则:不轻易、不透露、不转账!,正确,
非法集资人、是指发起、主导或组织实施非法集资的单位和个人。,非法集资,易,无,正确,
个人参与虚拟货币投资交易活动没有法律风险。,反诈防骗,易,无,错误,
个人贷款采用质押担保方式的，消费者在贷款存续期间，需妥善保管质押物,综合类,易,无需消费者在贷款存续期妥善保管质押物,错误,
个人数据是指与已识别或可识别的自然人相关的任何数据,个人信息保护,易,个人数据是指与已识别或可识别的自然人相关的任何数据,正确,
个人信息保护的主要措施包括数据加密、访问控制、安全审计等。,个人信息保护,易,这些措施可以有效地保护个人信息的安全，防止数据泄露和滥用。,正确,
个人信息保护是一项长期而复杂的工作，需要不断加强和完善,个人信息保护,易,随着信息技术的不断发展和个人信息保护意识的不断提高，个人信息保护的工作也需要不断加强和完善，以适应新的形势和挑战。,正确,
个人信息处理者处理不满十四周岁未成年人个人信息的，只需经过本人同意即可。,个人信息保护,易,《个人信息保护法》第三十一条 个人信息处理者处理不满十四周岁未成年人个人信息的，应当取得未成年人的父母或者其他监护人的同意。,错误,
个人信息处理者可以处理所有个人自行公开或者其他已经合法公开的个人信息。,个人信息保护,易,个人信息处理者依照《个人信息保护法》规定在合理的范围内处理个人自行公开或者其他已经合法公开的个人信息,错误,
个人信息的保存期限，按“孰长”（即“就长不就短”）原则确定；不得要求授权使用的时限超出必要范围。,个人信息保护,易,个人信息的保存期限原则,正确,
个人信息的处理目的、处理方式和处理的个人信息种类发生变更的，无需重新取得个人同意。,个人信息保护,易,个人信息的处理目的、处理方式和处理的个人信息种类发生变更的，需要重新取得个人同意。,错误,
个人信息是以电子或者其他方式记录的与已识别或者可识别的自然人有关的各种信息，不包括匿名化处理后的信息。,个人信息保护,易,个人信息是以电子或者其他方式记录的与已识别或者可识别的自然人有关的各种信息，不包括匿名化处理后的信息。,正确,
各单位可根据需要向客户提出通过调解方式解决纠纷的建议，客户同意调解的，各单位应与客户共同向调解组织提出申请。调解期间不计入投诉处理期限。,多元纠纷机制,易,各单位可根据需要向客户提出通过调解方式解决纠纷的建议，客户同意调解的，各单位应与客户共同向调解组织提出申请。调解期间不计入投诉处理期限。,正确,
各机构应当积极扩充消费投诉渠道，进一步完善电话、来信、来访等渠道，确保客服电话能够迅速转接至人工投诉通道，来信、来访能够快速转由专人处理。已开通官方网站、移动客户端、微信公众号等互联网投诉渠道的，应当在相关平台中设置消费投诉板块并配备专人处理。,金融基础知识,易,各机构应当积极扩充消费投诉渠道，进一步完善电话、来信、来访等渠道，确保客服电话能够迅速转接至人工投诉通道，来信、来访能够快速转由专人处理。已开通官方网站、移动客户端、微信公众号等互联网投诉渠道的，应当在相关平台中设置消费投诉板块并配备专人处理。,正确,
各级人民政府应当采取措施，制止不正当竞争行为，为公平竞争创造良好的环境和条件。,金融消费者八项权益,易,无,正确,
各级银行保险机构对于客户提出调解申请的案件应及时予以响应、及时参与调解，积极协商、达成一致的工作机制。,多元纠纷机制,易,各级银保保险机构对于客户提出调解申请的案件应及时予以响应、及时参与调解，积极协商、达成一致的工作机制。,正确,
各级银行保险机构在纠纷处理中应当坚持快速响应、实事求是，力争在公司内部前置化解客户矛盾。,多元纠纷机制,易,各级银行保险机构在纠纷处理中应当坚持快速响应、实事求是，力争在公司内部前置化解客户矛盾。,正确,
根据个人信息保护法，个人无权要求金融机构删除其个人信息,个人信息保护,易,个人有权要求金融机构删除其个人信息,错误,
公安机关办理电信网络诈骗案件依法调取证据的，互联网服务提供者应当及时提供技术支持和协助。,反诈防骗,易,公安机关办理电信网络诈骗案件依法调取证据的，互联网服务提供者应当及时提供技术支持和协助。,正确,
公平交易权要求不得设置违反公平原则的交易条件，在格式合同中不得加重金融消费者责任、限制或者排除金融消费者的合法权利，不得限制金融消费者寻求法律救济途径，不得减轻、免除本机构损害金融消费者合法权益应当承担的民事责任。,金融消费者八项权益,易,公平交易权要求不得设置违反公平原则的交易条件，在格式合同中不得加重金融消费者责任、限制或者排除金融消费者的合法权利，不得限制金融消费者寻求法律救济途径，不得减轻、免除本机构损害金融消费者合法权益应当承担的民事责任。,正确,
购买基金不是替代储蓄的等效理财方式。,金融基础知识,易,购买基金不是替代储蓄的等效理财方式。,正确,
股票的股息率是固定的。,金融基础知识,易,股票的股息率是不固定的,错误,
股票投资者享有公司的所有权和分红权。,金融基础知识,易,股票投资基础知识,正确,
关于代为追偿，被保险人不可能成为保险人代为追偿的对象,金融基础知识,易,无,正确,
广告经营者、发布者设计、制作、发布虚假广告，造成消费者损害的，应当及提供该商品或者服务的经营者承担连带责任。,金融消费者八项权益,易,无,错误,
国家鼓励、支持一切组织和个人对损害消费者合法权益的行为进行社会监督。,金融消费者八项权益,易,《中华人民共和国消费者权益保护法》第二次修正 第六条 国家鼓励、支持一切组织和个人对损害消费者合法权益的行为进行社会监督。,正确,
和家人去吃饭，买单时你想刷卡付钱，可以把银行卡和密码直接给服务员,反诈防骗,易,诈骗分子套路多，金融消费者需提高警惕，谨防诈骗,错误,
和家人去吃饭，买单时你想刷卡付钱，可以直接把银行卡和密码直接给服务员。,金融基础知识,易,银行卡和密码应妥善保管，提供给他人存在银行卡被盗刷的风险。,错误,
汇款回单只能作为会出银行受理汇款的依据，不能作为汇款已转入收款人账号的证明。,金融基础知识,易,汇款回单只能作为会出银行受理汇款的依据，不能作为汇款已转入收款人账号的证明。,正确,
机动车辆保险条款分为主险、附加险，附加险可以独立投保。,金融基础知识,易,机动车辆保险条款分为主险、附加险，附加险不能独立投保。,错误,
基于个人同意处理个人信息的，个人有权撤回其同意,个人信息保护,易,基于个人同意处理个人信息的，个人有权撤回其同意,正确,
记帐式国债的价格会随着市场利率的变动而发生波动，消费者要承担一定的利率变动风险,金融基础知识,易,记帐式国债的价格会随着市场利率的变动而发生波动，消费者要承担一定的利率变动风险,正确,
检查机关和公安机关有安全账户。,反诈防骗,易,检查机关和公安机关没有安全账户，凡是让消费者转账至安全账户的均是诈骗。,错误,
接到电话可进行“征信修复”，花钱“洗白”不良征信记录。,综合类,易,个人征信制度当中不存在付费进行“征信修复”、“洗白”一说，不法分子趁机骗取钱财、套用个人信息。所有声称合法的、商业的、收费的“征信修复”都是骗局，不仅违反了法律，更破坏了社会信用体系。,错误,
借记卡和信用卡均可以透支。,金融基础知识,易,借记卡不能透支,错误,
金融机构必须采取适当的技术和组织措施，以确保个人信息的安全,个人信息保护,易,金融机构必须采取适当的技术和组织措施，以确保个人信息的安全,正确,
金融机构可以将消费者的个人信息用于任何营销活动。,个人信息保护,易,金融机构在使用消费者个人信息时，必须遵循合法、正当、必要的原则，并经过消费者同意。未经消费者同意擅自将个人信息用于营销活动是违法的。,错误,
金融机构可以随意使用或泄露金融消费者的个人信息,金融基础知识,易,金融消费者有权保护个人隐私和信息安全，金融机构不得泄露客户信息和财务情况。,错误,
金融机构清分中心操作员在清分回笼现金中发现可疑的人民币，应立即向现场负责人报告，并换人复核，确认是假币的，应由现场负责人按规定填《假币收缴凭证》,金融基础知识,易,金融机构清分中心操作员在清分回笼现金中发现可疑的人民币，应立即向现场负责人报告，并换人复核，确认是假币的，应由现场负责人按规定填《假币收缴凭证》,正确,
金融机构需做好信息披露。依据房贷产品及服务特性，及时、真实、准确、全面地披露关键信息，如贷款产品的年化利率等内容。此说法是否正确？,金融消费者八项权益,易,保障消费者合法权益，避免发生侵犯消费者知情权和自主选择权。,正确,
金融机构因为遵守监管要求、降低风险，需要评估金融消费者的适当性，但不是因为确保金融产品或服务与消费者的需求和能力相匹配。,适当性原则,易,金融机构因为遵守监管要求、降低风险、确保金融产品或服务与消费者的需求和能力相匹配，需要评估金融消费者的适当性。,错误,
金融机构应当对消费者的风险承受能力进行评估，并根据评估结果向消费者推荐合适的金融产品和服务。,适当性原则,易,金融机构应当对消费者的风险承受能力进行评估，并根据评估结果向消费者推荐合适的金融产品和服务。,正确,
金融机构应当积极组织或参与金融管理部门组织的集中性金融知识普及活动即可，不需要另行开展日常性金融消费者教育。,金融基础知识,易,金融机构应当积极组织或参与金融管理部门组织的集中性金融知识普及活动即可，也需要另行开展日常性金融消费者教育。,错误,
金融机构应当建立健全消费者权益保护机制，制定消费者权益保护工作计划。,金融基础知识,易,金融机构应当建立健全消费者权益保护机制，制定消费者权益保护工作计划。,正确,
金融机构应当为消费者提供便捷的投诉和举报渠道。,金融基础知识,易,金融机构应当为消费者提供便捷的投诉和举报渠道。,正确,
金融机构应当向消费者充分揭示金融产品和服务的风险，并提醒消费者注意防范。,金融基础知识,易,金融机构应当向消费者充分揭示金融产品和服务的风险，并提醒消费者注意防范。,正确,
金融机构应当以通俗易懂的语言，及时、真实、准确、全面地向金融消费者披露可能影响其决策的信息，充分提示风险，不得发布夸大产品收益、掩饰产品风险等欺诈信息，不得作虚假或引人误解的宣传。,金融基础知识,易,金融机构应当以通俗易懂的语言，及时、真实、准确、全面地向金融消费者披露可能影响其决策的信息，充分提示风险，不得发布夸大产品收益、掩饰产品风险等欺诈信息，不得作虚假或引人误解的宣传。,正确,
"金融机构应提高运用多元化解机制的积极性，优化整合、合理利用金融纠纷化解资源，提高矛盾纠纷诉前化解效率，为保护金融消费者合法权益构建和谐金融消费环境。此说法是否正确？
",多元纠纷机制,易,通过多元纠纷机制可以提高矛盾纠纷诉前化解效率,正确,
金融机构应指定具体部门推动金融纠纷多元化解工作，将金融纠纷多元化解工作纳入本单位金融消费者权益保护工作绩效考评内容。,多元纠纷机制,易,金融机构应指定具体部门推动金融纠纷多元化解工作，将金融纠纷多元化解工作纳入本单位金融消费者权益保护工作绩效考评内容。,正确,
金融机构在处理个人信息时，可以不遵守数据最小化原则。,个人信息保护,易,金融机构在处理个人信息需要遵守数据最小化原则,错误,
金融机构在评估金融消费者的适当性时，通常会考虑消费者的收入状况、投资经验、风险偏好等因素。,适当性原则,易,金融机构在评估金融消费者的适当性时，通常会考虑消费者的收入状况、投资经验、风险偏好等因素,正确,
金融机构在设置机构时，无需考虑金融消费者的监督和批评。,金融基础知识,易,.金融机构在设置机构时，需考虑金融消费者的监督和批评,错误,
金融机构在使用个人金融信息时，可以向本机构合作单位出售客户个人金融信息。,金融基础知识,易,金融机构在使用个人金融信息时，不可以向本机构合作单位出售客户个人金融信息。,错误,
金融机构在收集个人信息时，可以不告知客户收集的目的和用途,个人信息保护,易,金融机构在收集个人信息时需要告知客户收集的目的和用途,错误,
金融机构在收集消费者个人信息时，无需经过消费者同意。,个人信息保护,易,根据相关法律法规，金融机构在收集、使用消费者个人信息时，必须遵循合法、正当、必要的原则，并经过消费者同意。未经消费者同意擅自收集和使用个人信息是违法的。,错误,
金融机构在推广金融产品时，可以使用夸大其词的宣传语言。,金融基础知识,易,金融机构在推广金融产品时，应使用准确、清晰、易于理解的语言和文字进行宣传，避免使用夸大其词的宣传语言误导消费者。这是保护消费者权益和维护金融市场秩序的基本要求。,错误,
金融机构在推荐金融产品时，应确保推荐的产品与消费者的投资目标一致。,适当性原则,易,金融消费者三适当原则要求金融机构在推荐金融产品时，要确保产品适合消费者的投资目标、风险承受能力和投资经验。这意味着金融机构需要了解消费者的投资需求，推荐与其投资目标相符的产品。,正确,
金融机构在向消费者推荐金融产品时，只需考虑产品的风险性，无需考虑消费者的风险承受能力。,适当性原则,易,金融消费者三适当原则要求金融机构在推荐金融产品时，必须同时考虑产品的风险性、复杂性和消费者的风险承受能力、投资经验和金融知识。只有确保产品适合消费者，才能避免不当销售行为，保护消费者权益。,错误,
金融机构在销售金融产品或服务时，可以隐瞒产品的风险，只强调收益。,金融基础知识,易,金融消费者有权获取一些必要的、真实的、及时的信息，并根据自己的需求进行选择，如金融产品的名称、特点、价格、利率、服务内容、合同条款等,错误,
金融机构在销售金融产品时，无需向消费者披露可能的风险。,金融消费者八项权益,易,金融机构在销售金融产品时，必须向消费者充分披露产品的风险，确保消费者的知情权得到尊重。,错误,
金融机构在销售金融产品时，应当根据投资者的风险承受能力推荐相应风险等级的产品。,适当性原则,易,根据适当性原则，金融机构需要确保销售的金融产品与投资者的风险承受能力相匹配。,正确,
金融机构作为向自然人提供产品和服务的组织，应高度重视个人信息保护。,个人信息保护,易,金融机构作为向自然人提供产品和服务的组织，应高度重视个人信息保护。,正确,
金融基础知识包括了解不同的金融产品和服务，以及它们的基本特性。,金融基础知识,易,金融基础知识涉及对金融产品和服务的基本了解，包括存款、贷款、投资和保险等。,正确,
金融市场的基本功能包括促进资金流动、提供金融服务、实现投资收益和扩大经济规模。,金融基础知识,易,金融市场的基本功能包括促进资金流动、提供金融服务、实现投资收益和扩大经济规模。其中，促进资金流动是金融市场最核心的功能之一。,正确,
金融市场是金融资产交易的平台，包括股票市场、债券市场、外汇市场等。,金融基础知识,易,正确金融市场是金融资产交易的平台，包括股票市场、债券市场、外汇市场等。,正确,
金融消费者八大权益包括:财产安全权、知情权、自主选择权、公平交易权、依法求偿权、受教育权、受尊重权、信息安全权。,金融消费者八项权益,易,金融消费者八大权益包括:财产安全权、知情权、自主选择权、公平交易权、依法求偿权、受教育权、受尊重权、信息安全权。,正确,
金融消费者的投诉和纠纷应当得到及时、公正、合理的处理,金融基础知识,易,金融消费者有权提出申诉并得到及时处理，若针对金融机构的投诉处理效果不佳，可向相关监管机构反映,正确,
"金融消费者合法权益受到损害，可以向保险公司要求赔
偿。",金融消费者八项权益,易,无,正确,
金融消费者权益保护是金融工作中最贴近人民、与人民联系最为紧密的领域。,金融基础知识,易,无,正确,
金融消费者三适当原则的核心是保护消费者的合法权益。,适当性原则,易,金融消费者三适当原则的核心确实是保护消费者的合法权益。通过要求金融机构在推荐金融产品时遵循适当性原则，可以确保消费者能够充分了解产品的风险和特点，避免不当销售行为，从而保护消费者的利益。,正确,
金融消费者三适当原则要求金融机构对消费者的投资行为负责。,适当性原则,易,金融消费者三适当原则强调金融机构在推荐金融产品时的适当性义务，但并不要求金融机构对消费者的投资行为负责。消费者作为独立的决策主体，应自行承担投资决策的风险和后果。,错误,
金融消费者享有八项基本权利。,金融消费者八项权益,易,金融消费者享有八项基本权利：财产安全权、知情权、自主选择权、公平交易权、依法求偿权、受教育权、受尊重权、信息安全权,正确,
金融消费者享有自主定价权。,金融基础知识,易,无,错误,
金融消费者有权要求金融机构对个人信息进行保密，不得泄露给任何第三方。,个人信息保护,易,金融消费者有权要求金融机构对个人信息进行保密，除非法律法规另有规定或消费者明确同意。,正确,
金融消费者在购买金融产品或服务时，有权要求金融机构提供真实、准确、全面的信息。,金融基础知识,易,金融消费者有权获取一些必要的、真实的、及时的信息，并根据自己的需求进行选择，如金融产品的名称、特点、价格、利率、服务内容、合同条款等,正确,
金融消费者在购买金融产品或接受金融服务时，可以自行降低自己的风险等级，不需要遵守风险测评的要求。 ,适当性原则,易,金融消费者在购买金融产品或接受金融服务时，需要遵守风险测评的要求，不可以自行降低自己的风险等级。 ,错误,
金融消费者在选择金融产品或服务前，应充分了解相关信息，注意合同条款，避免不公平的约定，以此来保护自己的自主选择权。,金融消费者八项权益,易,金融消费者在选择金融产品或服务前，应充分了解相关信息，注意合同条款，避免不公平的约定，以此来保护自己的自主选择权,正确,
金融消费者在选择金融产品或服务时，应当了解自己的风险承受能力和投资目的、仔细阅读产品或服务的说明书和风险提示、咨询专业人士或金融机构的建议。,适当性原则,易,金融消费者在选择金融产品或服务时，应当解自己的风险承受能力和投资目、仔细阅读产品或服务的说明书和风险提示、咨询专业人士或金融机构的建议,正确,
金融消费者在遭遇诈骗时，应第一时间选择报警，而不是通过多元纠纷机制解决。,多元纠纷机制,易,金融消费者在遭遇诈骗时，除了报警外，还可以通过多元纠纷机制解决纠纷。多元纠纷机制包括协商、调解、仲裁等多种方式，可以帮助消费者更高效地解决纠纷。,错误,
"金融知识教育宣传可以以营销、推介行为替代金融知识普及与消费者教育。
",金融基础知识,易,金融知识教育宣传不可以以营销、推介行为替代金融知识普及与消费者教育。,错误,
金融知识教育宣传应当坚持公益性，不得以营销、推介行为替代金融知识普及与消费者教育。,金融基础知识,易,金融知识教育宣传应当坚持公益性，不得以营销、推介行为替代金融知识普及与消费者教育。,正确,
经过线上面试你被娉为“省老年协会招聘形象大使”，且月薪六千，但是需要先交纳保证金，你选择先交纳保证金。,反诈防骗,易,防范诈骗,错误,
经营者发现其提供的商品或者服务存在缺陷，有危及人身财产安全危险的，需要召回的，经营者可以要求消费者承担其因商品被召回支出的必要费用。,金融基础知识,易,经营者发现其提供的商品或者服务存在缺陷，有危及人身财产安全危险的，需要召回的，经营者不可以要求消费者承担其因商品被召回支出的必要费用。,错误,
经营者收集、使用消费者个人信息，应当遵循合法、正当、必要的原则。明示收集，使用信息的目的、方式和范围，并经消费者同意。经营者收集、使用消费者个人信息，应当公开其收集、使用规则，不得违反法律、法规的规定和双方的约定收集、使用信息。,金融消费者八项权益,易,《消费者权益保护法》第二十九条：“经营者收集、使用消费者个人信息，应当遵循合法、正当、必要的原则，明示收集、使用信息的目的、方式和范围，并经消费者同意。经营者收集、使用消费者个人信息，应当公开其收集、使用规则，不得违反法律、法规的规定和双方的约定收集、使用信息。”,正确,
经营者未经消费者同意或者请求，或者消费者明确表示拒绝的，不得向其发送商业性信息。,金融消费者八项权益,易,《消费者权益保护法》第二十九条：“经营者未经消费者同意或者请求，或者消费者明确表示拒绝的，不得向其发送商业性信息。”,正确,
经营者未经消费者同意或者请求，可以向其发送商业性信息。,金融消费者八项权益,易,经营者未经消费者同意或者请求，不可以向其发送商业性信息。,错误,
境内商业银行可以将存款保险标识用于宣传本行理财产品。,金融基础知识,易,无,错误,
纠纷化解工作不得违反法律的基本原则，不得损害国家利益、公司和第三人合法权益。,多元纠纷机制,易,纠纷化解工作不得违反法律的基本原则，不得损害国家利益、公司和第三人合法权益,正确,
纠纷化解工作应充分尊重当事人意愿，保障当事人依法行使自己的民事权利和诉讼权利。,多元纠纷机制,易,纠纷化解工作应充分尊重当事人意愿，保障当事人依法行使自己的民事权利和诉讼权利,正确,
纠纷化解工作应根据投诉纠纷实际情况，灵活确定解纷化解方式，提升解纷化解效率，降低当事人解纷处理成本。,多元纠纷机制,易,纠纷化解工作应根据投诉纠纷实际情况，灵活确定解纷化解方式，提升解纷化解效率，降低当事人解纷处理成本,正确,
开立银行账户、支付账户根据实际情况可超出国家有关规定限制的数量。,反诈防骗,易,开立银行账户、支付账户根据实际情况不可超出国家有关规定限制的数量。,错误,
开启手机防骗功能可以有效预防诈骗电话。,反诈防骗,易,开启手机防骗功能可以有效预防诈骗电话。,正确,
可以把银行卡卖给别人赚取500元,反诈防骗,易,要谨防诈骗,错误,
可以在网上通过正规公司或银行申请贷款。,金融基础知识,易,可以在网上通过正规公司或银行申请贷款。,正确,
"客户信息的编辑应当有客户授权或申请,并由相关操作权限人员进行相应的编辑操作。",个人信息保护,易,"客户信息的编辑应当有客户授权或申请,并由相关操作权限人员进行相应的编辑操作。",正确,
"客户信息的收集应当符合实际业务经营需求,任何部门不得误导客户提供不真实客户信息或经篡改的客户信息。",个人信息保护,易,"客户信息的收集应当符合实际业务经营需求,任何部门不得误导客户提供不真实客户信息或经篡改的客户信息。",正确,
老丁是某公司出纳，经常要给客户汇款。这天他手机上突然收到自称是公司老板的发来一条信息：“有一笔货款，请把钱打到这个账户上622*********王斌”。他猛然想起有一笔货款说好当天打的，于是他没有进一步核实对方身份，便按照信息上的账户将钱汇了过去。,反诈防骗,易,要谨防电信诈骗,错误,
李某一日收到一号码尾号为95588的手机短信，提醒自己网银到期，请点击附加网站进行更新，李某知道95588为工行服务电话，便按照提示进行操作,反诈防骗,易,诈骗分子套路多，金融消费者需提高警惕，谨防诈骗,错误,
李先生接到银行发来的信用卡提升额度短信，里面包含了一条网址链接，李先生立即点开链接并输入个人信息。,反诈防骗,易,要谨防电信诈骗,错误,
理财规划的基本原则之一是风险和收益匹配原则，高收益必然高风险。,适当性原则,易,理财规划的基本原则之一是风险和收益匹配原则，高收益必然高风险。,正确,
理赔申请时被拒赔可与保险公司工作人员寻求解释。,金融基础知识,易,保险公司理赔决定依据是保险合同，对拒赔原因不清楚的可向保险公司寻求解释,正确,
利率是衡量资金成本的重要指标，也是货币政策的重要工具。,金融基础知识,易,利率是衡量资金成本的重要指标，也是货币政策的重要工具。,正确,
没有开立存款账户的消费者，不能办理支付结算。,金融基础知识,易,没有开立存款账户的消费者，可以办理支付结算。,错误,
"某日，李某到某银行分行营业大厅办理银行信息查询业务，称其想要查询并打印其弟弟名下的银行账户明细。由于李某弟弟在国外读书，无法返回，遂委托李某代为办理。因李某未出具相关的《公证委托书》，某银行分行工作人员表示无法为其办理此笔委托查询业务。该行做法是否正确？
",个人信息保护,易,《中国人民银行金融消费者权益保护实施办法》（中国人民银行令〔2020〕第5号）第二十九条规定：“银行、支付机构处理消费者金融信息，应当遵循合法、正当、必要原则，经金融消费者或者其监护人明示同意，但是法律、行政法规另有规定的除外。”第三十四条第二款规定：“银行、支付机构及其工作人员应当对消费者金融信息严格保密，不得泄露或者非法向他人提供。”本案中，李某未能出示证明其代理查询、打印银行账户流水业务且经过公证的授权委托书，在未得到金融消费者或其监护人明示同意的情况下，为保障金融消费者的个人信息不被泄露，银行有权拒绝李某查询他人的个人银行结算账户信息。,正确,
某同学近日在网上找到了一份刷单的工作，并在朋友圈大肆炫耀其每天日入百元的“战绩”。她找到你，并向你推荐这份轻松地工作。此时你应该劝说某同学和身边的好朋友们，并积极将此事反应给老师或辅导员。,反诈防骗,易,这属于刷单诈骗。,正确,
侵害个人信息权益造成损害，个人信息处理者不能证明自己没有过错的，应当承担损害赔偿等侵权责任。,个人信息保护,易,侵害个人信息权益造成损害，个人信息处理者不能证明自己没有过错的，应当承担损害赔偿等侵权责任。,正确,
求职签合同时，合同一般应包括工作时间、薪酬数额、薪酬支付时间、薪酬支付方式。,反诈防骗,易,求职签合同时，合同一般应包括工作时间、薪酬数额、薪酬支付时间、薪酬支付方式。,正确,
全国反电诈报警电话是96111。,反诈防骗,易,全国反电诈报警电话是96110,错误,
人民币是我国的法定货币，各企业不得拒收现金。,金融消费者八项权益,易,无,正确,
任何单位和个人不得印制、发售代币票券，以代替人民币在市场上流通。,金融基础知识,易,无,正确,
"任何单位和个人都应当爱护人民币，禁止损害人民
币和妨碍人民币流通。",金融基础知识,易,无,正确,
任何机构、组织或者个人不得违法违规开展保险退保业务推介 、咨询、代办等活动，诱导投保人退保，扰乱保险市场秩序。,综合类,易,根据《保险销售行为管理办法》（2023年第3号令）第三十九条任何机构、组织或者个人不得违法违规开展保险退保业务推介 、咨询、代办等活动，诱导投保人退保，扰乱保险市场秩序。,正确,
任何陌生人在电话中提出要求网上银行操作或ATM机操作的指令不要听取，立刻挂断电话，遇到疑惑可主动咨询110。,反诈防骗,易,无,正确,
如果个人信息被非法获取，金融机构应立即通知受影响的客户和相关监管机构。,个人信息保护,易,如果个人信息被非法获取，金融机构应立即通知受影响的客户和相关监管机构,正确,
如果金融机构未充分尊重金融消费者的自主选择权，会使消费者权益受损，但不会影响金融市场稳定,金融消费者八项权益,易,如果金融机构未充分尊重金融消费者的自主选择权，也会影响金融市场稳定,错误,
如果金融消费者发现自己的个人信息被泄露，可以要求金融机构删除自己的个人信息，如果金融机构不配合，可以提起法律诉讼。 ,个人信息保护,易,如果金融消费者发现自己的个人信息被泄露，可以要求金融机构删除自己的个人信息，如果金融机构不配合，可以提起法律诉讼。 ,正确,
如果金融消费者自身主动要求购买高风险产品，金融机构无需进行适当性评估。,适当性原则,易,即使金融消费者主动要求购买高风险产品，金融机构仍然需要进行适当性评估。这是因为金融机构有义务确保消费者了解产品的风险，并评估其是否具备承担这些风险的能力。这是金融消费者三适当原则中“适当销售”和“适当披露”的重要体现。,错误,
如果收到期末考试成绩查询短信、银行卡扣费提醒短信、重磅八卦短信、手机运营商积分兑换、买卖游戏装备等各种名目的短信后附有一条网址链接，你很感兴趣，但不会直接点开附有的链接，会登录官网核实、查看,反诈防骗,易,如果收到期末考试成绩查询短信、银行卡扣费提醒短信、重磅八卦短信、手机运营商积分兑换、买卖游戏装备等各种名目的短信后附有一条网址链接，你很感兴趣，但不会直接点开附有的链接，会登录官网核实、查看,正确,
如果手机不小心弄丢了，之前手机已经绑定了微信、支付宝、银行卡，为了保护自己的财产信息，应立即挂失手机号并且冻结手机网银，解绑与手机号绑定的支付宝、微信等支付账户。,个人信息保护,易,无,正确,
如果有人给你一笔钱请你用自己的身份证帮他办理一张银行卡或电话卡，你可以同意。,反诈防骗,易,不可以买卖银行卡、电话卡，这是违法的。,错误,
商业银行分支机构可自行制作理财产品宣传销售文本。,综合类,易,商业银行分支机构无权自行制作理财产品宣传销售文本,错误,
商业银行可适当向客户提供与其真实需要和风险承受能力不相符合的产品和服务。,金融基础知识,易,商业银行可适当向客户提供与其真实需要和风险承受能力相符合的产品和服务。,错误,
商业银行应建立员工代理开户业务风险隔离制度，允许营业网点员工在本网点代理他人开户。,金融消费者八项权益,易,无,错误,
设立移动互联网应用程序应当按照国家有关规定向电信主管部门办理许可或者备案手续。,反诈防骗,易,设立移动互联网应用程序应当按照国家有关规定向电信主管部门办理许可或者备案手续。,正确,
设置复杂的银行和网上银行密码，不使用与其他账户相同的密码，不透露短信验证码给他人。,反诈防骗,易,设置复杂的银行和网上银行密码，不使用与其他账户相同的密码，不透露短信验证码给他人。,正确,
设置密码时使用个人生日、手机号码等，以免遗忘。,金融基础知识,易,设置密码时禁止使用个人生日、手机号码等，以免被盗取密码。,错误,
社会公众可以在互联网上免费查询本人的信用报告。,金融消费者八项权益,易,社会公众可以在互联网上免费查询本人的信用报告。,正确,
社交网络上分享的图片、视频等内容不会暴露个人信息。,个人信息保护,易,社交网络上分享的图片、视频等内容极易暴露个人信息。,错误,
使用ATM机时用手遮住键盘。,金融基础知识,易,使用ATM机时要用手遮住键盘，防止密码泄漏。,正确,
市民张先生接到电话，对方自称是公安局的，称其涉嫌洗钱活动，要求接受调查。张先生当即否认自己犯罪，对方表示公安机关已经对他进行通缉，并告诉他可在网上查到通缉令。按照对方给的网址查询，张先生果然看到了自己被通缉的信息，于是坚信不疑，按照对方要求把钱汇到指定的“安全戶”。,反诈防骗,易,要谨防电信诈骗,错误,
收到陌生网友发来的不明链接，可以直接点击吗？,个人信息保护,易,不明链接不可以点,错误,
收集个人信息，应当限于实现处理目的的最小范围，不得过度收集个人信息。,个人信息保护,易,收集个人信息，应当限于实现处理目的的最小范围，不得过度收集个人信息。,正确,
受教育权要求进一步强化金融消费者教育，积极组织或参与金融知识普及活动，开展广泛、持续的日常性金融消费者教育，帮助金融消费者提高对金融产品和服务的认知能力和自我保护能力，提升金融消费者金融素养和诚实守信意识。,金融消费者八项权益,易,受教育权要求进一步强化金融消费者教育，积极组织或参与金融知识普及活动，开展广泛、持续的日常性金融消费者教育，帮助金融消费者提高对金融产品和服务的认知能力和自我保护能力，提升金融消费者金融素养和诚实守信意识。,正确,
刷单是指以虚构交易、编造用户评价等方式进行虚假或者引人误解的商业宣传，欺骗、误导消费者的行为。大学生可以通过兼职刷单增加自己的收入。,反诈防骗,易,无,错误,
虽然客户没有同意或请求，但保险公司经常向客户发送产品信息是提高服务水平的表现。,金融消费者八项权益,易,无,错误,
随着移动支付愈加便利化，很多人出门购物，吃饭不带钱包，用手机“扫一扫”就行。在地铁站，公交站等地方，骗子往往手里举着二维码的牌子，请市民帮忙扫码，理由多为以“初创企业”，“做活动”。有些二维码可能带有病毒，一旦扫描并安装，钱财存在被盗刷的风险，谨防上当受骗。,反诈防骗,易,有些二维码可能带有病毒，一旦扫描并安装，钱财存在被盗刷的风险，谨防上当受骗。,正确,
提高反诈防骗的措施中提到的“不再出租或出售两卡”中“两卡”指的是银行卡和手机卡。,反诈防骗,易,提高反诈防骗的措施中提到的“不再出租或出售两卡”中“两卡”指的就是银行卡和手机卡。,正确,
提高风险意识和自我保护意识。不轻信陌生电话、短信、邮件和网络留言，特别是那些要求提供个人信息或转账的请求。,反诈防骗,易,提高风险意识和自我保护意识。不轻信陌生电话、短信、邮件和网络留言，特别是那些要求提供个人信息或转账的请求。,正确,
通过视频、音频方式开展金融营销宣传活动的，不必采取能够使金融消费者足够注意和易于接收理解的适当形式披露告知警示、免责类信息。,适当性原则,易,通过视频、音频方式开展金融营销宣传活动的，也要采取能够使金融消费者足够注意和易于接收理解的适当形式披露告知警示、免责类信息。,错误,
通过视频、音频方式开展金融营销宣传活动的，应当采取能够使金融消费者足够注意和易于接收理解的适当形式披露告知个人信息。,金融消费者八项权益,易,不可以随意披露个人信息,错误,
通过微信、QQ、邮件等网络平台，以各种名义传输给我们的压缩文件，可以抱有侥幸心理，随意打开，文件内不可能含有木马病毒。,反诈防骗,易,通过微信、QQ、邮件等网络平台，以各种名义传输给你的压缩文件，切勿随意打开，文件内可能含有木马病毒。,错误,
同学崔某在交友网站上认识一女子，通过QQ、电话微信等方式与其相聊甚欢后被该女子以各种理由骗取人民币4000元。崔某发觉后，在盛怒之下将其QQ号微信号、手机号码全部删除，这样的做法对不对？,反诈防骗,易,诈骗分子套路多，金融消费者需提高警惕，谨防诈骗,错误,
同学丁某在网上卖游戏帐号，对方要求其缴纳保证金2000元，丁某缴纳了保证金,反诈防骗,易,诈骗分子套路多，金融消费者需提高警惕，谨防诈骗,错误,
同学黄某接到一个自称某网贷平台工作人员的电话，称目前国家正在清理大学生网贷，要求黄某配合平台调查。于是黄某就按对方要求在各平台进行验证操作,反诈防骗,易,诈骗分子套路多，金融消费者需提高警惕，谨防诈骗,错误,
同学李某在网上看到一个贷款公司，在没任何正规手续的情况下被对方收取保证金为由骗取人民币3000元，并继续催促李某打钱给对方，李某一边周旋，一边迅速到公安机关报案。,反诈防骗,易,同学李某在网上看到一个贷款公司，在没任何正规手续的情况下被对方收取保证金为由骗取人民币3000元，并继续催促李某打钱给对方，李某一边周旋，一边迅速到公安机关报案。,正确,
同学小苏收到短信，称其有包裹被扣在邮局，让其回电。小苏回电后，对方称其包裹涉嫌危险物品，直接将电话转接到公安局，公安局为核实情况让小苏将银行卡内的钱款转到“安全账户”。小苏感到很恐慌，立马将卡内所有钱转到该账户。,反诈防骗,易,诈骗分子套路多，金融消费者需提高警惕，谨防诈骗,错误,
同学小婷被邀请进了微信群，一天她收到群里的100元祝福红包，平时都是直接拆开红包，这次却要填写个人信息，还需要填写红包的密码，这时小婷应该耐心填写信息，毕竟有大红包。,反诈防骗,易,诈骗分子套路多，金融消费者需提高警惕，谨防诈骗,错误,
"同学小张收到“双11嘉年华”发来的邮件，称其获得购物参与大奖,让其点击链接进入节目网站领取奖品。小张非常兴奋，赶紧点开链接领奖。",反诈防骗,易,诈骗分子套路多，金融消费者需提高警惕，谨防诈骗,错误,
"同学在某在交友网站上认识一女子，通过QQ、电话微信等方式与其相聊甚欢后被该女子以各种理由骗取人民币
4000元。崔某发觉后，在盛怒之下将其QQ号微信号、手机号码全部删除，这样的做法对不对？",反诈防骗,易,无,错误,
投诉人为客户继承人的，可不用要求提供继承关系证明。,金融消费者八项权益,易,无,错误,
投资者风险测评不可由他人代替作答，应认真对待，理性评估风险承受能力。,适当性原则,易,投资者风险测评作为对投资者消费者风险认知、风险偏好和风险承受能力等进行综合测评，其目的是确保把合适的产品提供给合适的消费者。,正确,
王某在家接到公安机关电话称自己涉嫌某洗钱案件，让王某与检察官沟通认错，王某连忙拨打该电话。,反诈防骗,易,诈骗分子套路多，金融消费者需提高警惕，谨防诈骗,错误,
为保障银行消费者隐私权，商业银行有权拒绝任何单位或者个人查询、冻结、扣划个人储蓄存款,金融基础知识,易,为保障银行消费者隐私权，商业银行有权拒绝任何单位或者个人查询、冻结、扣划个人储蓄存款，法律另有规定的除外,错误,
为了达到宣传效果，银行在基金营销宣传时，可以使用安全、保证、承诺、保险、避险、有保障、高收益、无风险等表述,金融消费者八项权益,易,金融消费者八项权益,错误,
为了预防、遏制和惩治电信网络诈骗活动，加强反电信网络诈骗工作，保护公民和组织的合法权益，维护社会稳定和国家安全，根据宪法，制定本法。,反诈防骗,易,为了预防、遏制和惩治电信网络诈骗活动，加强反电信网络诈骗工作，保护公民和组织的合法权益，维护社会稳定和国家安全，根据宪法，制定本法。,正确,
未按时还款的信息，即逾期记录，只要后来还清了借款，就不会在个人信用信息基础数据库中记录。,金融基础知识,易,未按时还款的信息，即逾期记录，即使后来还清了借款，仍会在个人信用信息基础数据库中记录。,错误,
未取得个人单独同意，个人信息处理者不得公开其处理的个人信息。,个人信息保护,易,未取得个人单独同意，个人信息处理者不得公开其处理的个人信息。,正确,
