id,title,reward_amount,create_time,update_time
1785122566080261,“套路贷”的“借款”是被告人侵吞被害人房产财产的借口，所以“套路贷”是以“借款”为名行非法占有被害人财物之实。而高利贷出借人希望借款人按约定支付高额利息并返还本金，目的是为了获取高额利息,10.00,2026-07-27 11:22:46,2026-07-27 11:22:46
1785122566080750,当你的朋友突然使用qq或者微信向你借钱时，立刻使用QQ或者微信转账。,10.00,2026-07-27 11:22:46,2026-07-27 11:22:46
1785122566081080,当你在电商平台消费时，银行卡最安全的使用方式是专门办理一张银行卡，放入适当资金用于购物。,10.00,2026-07-27 11:22:46,2026-07-27 11:22:46
1785122566081415,金融消费者在购买金融产品和接受金融服务过程中的财产安全由金融消费者自行负责。,10.00,2026-07-27 11:22:46,2026-07-27 11:22:46
1785122566081762,某人一年多未联系的好友通过QQ向其借钱，并称自己银行卡已挂失，让其将钱打到一陌生人的账户之上，陈某觉得朋友既然开口，必定有困难需要帮助，便将钱汇向对方提供的账户里,10.00,2026-07-27 11:22:46,2026-07-27 11:22:46
1785122566082072,收到“有人为你点歌，请回复……”的手机信息后，最好是不予理睬。,10.00,2026-07-27 11:22:46,2026-07-27 11:22:46
1785122566082421,游戏账号充值及交易，在非正规平台进行交易，与对方进行交易。,10.00,2026-07-27 11:22:46,2026-07-27 11:22:46
1785122566082748,欲参加社会培训，只要看下培训方承诺的主要内容就可以了。,10.00,2026-07-27 11:22:46,2026-07-27 11:22:46
1785122566083047,“天上不会掉馅饼，宣扬‘保本高收益’就是金融诈骗”的说法正确吗？,10.00,2026-07-27 11:22:46,2026-07-27 11:22:46
1785122566083384,“征信修复”不可信，任何人都无法删除或者修改信用报告上展示的正确信息，“征信修复”是骗局。,10.00,2026-07-27 11:22:46,2026-07-27 11:22:46
1785122566083694,《保险法》规定，投保人故意不履行如实告知义务的，保险人对于合同解除前发生的保险事故不承担赔偿或者给付保险金的责任。,10.00,2026-07-27 11:22:46,2026-07-27 11:22:46
1785122566084043,QQ或微信上收到好朋友借钱的消息，应电话联系该好友确定消息真假。,10.00,2026-07-27 11:22:46,2026-07-27 11:22:46
1785122566084442,办理停息停贷后便不会影响征信。,10.00,2026-07-27 11:22:46,2026-07-27 11:22:46
1785122566084753,保险公司不得使用强制搭售、信息系统或者网页默认勾选等方式与投保人订立保险合同。,10.00,2026-07-27 11:22:46,2026-07-27 11:22:46
1785122566085089,保险公司和商业银行应当在客户投诉、退保等事件发生的第一时间积极处理，属于哪个部门由哪个部门负责，不得相互推诿，避免产生负面影响使事态扩大。,10.00,2026-07-27 11:22:46,2026-07-27 11:22:46
1785122566085481,保险公司可以在保险事故发生后以不同于核保时的标准重新对保险标的或者被保险人的有关情况进行审核。,10.00,2026-07-27 11:22:46,2026-07-27 11:22:46
1785122566085796,保险活动当事人行使权力、履行义务应当遵守诚实信用原则。,10.00,2026-07-27 11:22:46,2026-07-27 11:22:46
1785122566086115,保险机构作为企业，其从业人员在业交往中收送礼物不受规定限制。,10.00,2026-07-27 11:22:46,2026-07-27 11:22:46
1785122566086485,保险接触个人金融信息岗位的从业人员在上岗前，应当书面做出保密承诺。,10.00,2026-07-27 11:22:46,2026-07-27 11:22:46
1785122566086803,保险金额是指投保人缴纳保险费的金额。,10.00,2026-07-27 11:22:46,2026-07-27 11:22:46
1785122566087122,保险金融机构根据业务需要和风险防范，可以收集与业务无关的个人信息。,10.00,2026-07-27 11:22:46,2026-07-27 11:22:46
1785122566087471,保险金融机构在收集、保存、使用、对外提供个人金融信息时，应当遵守信用。,10.00,2026-07-27 11:22:46,2026-07-27 11:22:46
1785122566087837,保险期间即保险合同的有效期，是保险合同从开始生效到终止的这一段时间。,10.00,2026-07-27 11:22:46,2026-07-27 11:22:46
1785122566088144,保险事故发生后，投保人、被保险人或者受益人以伪造、变造的有关证明、资料或者其他证据，编造虚假的事故原因或者夸大损失程度的，保险人对其虚报的部分不承担赔偿或者给付保险金的责任。,10.00,2026-07-27 11:22:46,2026-07-27 11:22:46
1785122566088519,保险销售人员在产品销售过程中应当以书面形式向投保人提供保险监管部门要求的投保提示书、产品说明书，应当引导投保人在投保单上填写真实完整的客户信息，并在人身保险新型产品投保书上抄录有关声明，可代抄录有关声明或代投保人或被保险人签名。,10.00,2026-07-27 11:22:46,2026-07-27 11:22:46
1785122566088895,被保险人或受益人在未发生保险事故的情况下谎称发生了保险事故属于保险欺诈行为。,10.00,2026-07-27 11:22:46,2026-07-27 11:22:46
1785122566089260,被保险人是指其财产或者人身受保险合同保障，享有保险金请求权的人。投保人不得为被保险人,10.00,2026-07-27 11:22:46,2026-07-27 11:22:46
1785122566089682,不变相强制收集消费者个人信息，防控信息泄露风险属于金融消费者八项权利中的信息安全权的要求。,10.00,2026-07-27 11:22:46,2026-07-27 11:22:46
1785122566090067,不得因金融消费者性别、年龄、种族、民族或者国籍等不同实行歧视性差别对待，不得使用歧视性或者违背公序良俗的表述。,10.00,2026-07-27 11:22:46,2026-07-27 11:22:46
1785122566090413,不满十四周岁未成年人的个人信息属于敏感个人信息。,10.00,2026-07-27 11:22:46,2026-07-27 11:22:46
1785122566090719,不向陌生人提供身份证号码、工作单位、家庭住址等重要信息，不保存身份证照片或号码在手机上，谨慎处理个人账户信息，核实网站域名的真实性，避免点击可疑链接或扫描非正规渠道的二维码,10.00,2026-07-27 11:22:46,2026-07-27 11:22:46
1785122566091047,不要轻易地向陌生人汇款、转账、若是遇到必须要汇款转账的情况一定要再三核实对方的信息,10.00,2026-07-27 11:22:46,2026-07-27 11:22:46
1785122566091386,财产险商业责任险的被保人向保险人请求赔偿保险金的诉讼时效期为被保人对第三者应负的赔偿责任确定之日算起,10.00,2026-07-27 11:22:46,2026-07-27 11:22:46
1785122566091698,财务状况、投资目标可以影响金融消费者的适当性，但风险承受能力不会影响。,10.00,2026-07-27 11:22:46,2026-07-27 11:22:46
1785122566092004,参与网络赌博，公安查不到，也不会被处罚。,10.00,2026-07-27 11:22:46,2026-07-27 11:22:46
1785122566092328,车险缴费可以直接向保险营销员转款，以便实现快捷投保。,10.00,2026-07-27 11:22:46,2026-07-27 11:22:46
1785122566092681,承诺高频回报、以虚假宣传造势、编造虚假项目、夸大投资收益等等都是非法集资常见的手段。,10.00,2026-07-27 11:22:46,2026-07-27 11:22:46
1785122566092990,程同学在网上收到闺蜜发来的QQ消息，称她手机被偷，急需买一个新手机，向她暂借500元。碍于姐妹情谊，程同学二话不说就给对方打款。,10.00,2026-07-27 11:22:46,2026-07-27 11:22:46
1785122566093353,程先生在网上订购了机票，这天他突然收到“航空公司客服”发来短信，称他的航班已取消，如需退票或改签请和短信中所留客服联络。程先生马上拨打该联络改签机票。,10.00,2026-07-27 11:22:46,2026-07-27 11:22:46
1785122566093705,除非另有规定，否则银行不得向境外提供境内消费者金融信息。,10.00,2026-07-27 11:22:46,2026-07-27 11:22:46
1785122566094031,处理个人信息应当遵循公开、透明原则，公开个人信息处理规则，明示处理的目的、方式和范围。,10.00,2026-07-27 11:22:46,2026-07-27 11:22:46
1785122566094442,处理消费者个人信息应当取得个人的同意，涉及敏感信息的，需进行脱敏处理。处理不满14周岁未成年人个人信息时，应取得其父母或者监护人的同意。,10.00,2026-07-27 11:22:46,2026-07-27 11:22:46
1785122566094884,存款保险保费由投保的银行业金融机构的储户交纳。,10.00,2026-07-27 11:22:46,2026-07-27 11:22:46
1785122566095264,存款保险的保障范围是存款本金和存款利息。,10.00,2026-07-27 11:22:46,2026-07-27 11:22:46
1785122566095614,存款人在异地开展临时经营活动，可申请开立临时存款账户。,10.00,2026-07-27 11:22:46,2026-07-27 11:22:46
1785122566095928,大学生网购时，如遇到商家要求使用“花呗”、“借呗”时，要谨慎对待。,10.00,2026-07-27 11:22:46,2026-07-27 11:22:46
1785122566096359,大学生应培养自己的勤俭意识，及时发现并纠正自己从众消费、过度消费等错误观念。,10.00,2026-07-27 11:22:46,2026-07-27 11:22:46
1785122566096676,代收代付业务中，银行仅对指令执行的准确与否负责，不对收付指令的正确与否负责。,10.00,2026-07-27 11:22:46,2026-07-27 11:22:46
1785122566096997,贷款人有权拒绝任何单位和个人强令其发放贷款或者提供担保。,10.00,2026-07-27 11:22:46,2026-07-27 11:22:46
1785122566097326,当不法人员冒充香港等地富家子弟，以自己现金被盗.信用卡被锁死不能取出现金，希望借用你的银行卡，说是用你的银行卡让家里转些钱用，并询问你银行卡的密码。由于你是一名心地善良的大学生，你应该选择信任他，并对他寄予帮助。,10.00,2026-07-27 11:22:46,2026-07-27 11:22:46
1785122566097743,"当个人信息控制者停止运营其产品或服务时,应当对其所持有的个人信息进行删除或匿名化处理。",10.00,2026-07-27 11:22:46,2026-07-27 11:22:46
1785122566098080,当你在网上购买游戏点卡，对方称点卡购买超时，需要重新下单，应该停止付款，立即报警。,10.00,2026-07-27 11:22:46,2026-07-27 11:22:46
1785122566098491,当您的手机收到一条告知您网银需要升级的短信时，马上点开链接按要求操作。,10.00,2026-07-27 11:22:46,2026-07-27 11:22:46
1785122566098807,当去做兼职为了有保障让你提交押金和身份证时，应该按要求提交。,10.00,2026-07-27 11:22:46,2026-07-27 11:22:46
1785122566099123,当消费者未按合同规定支付保管箱相关费用时，银行有权拒绝提供开箱服务。,10.00,2026-07-27 11:22:46,2026-07-27 11:22:46
1785122566099482,当遭遇电信网络诈骗后，应及时准确将骗子的账号、账户姓名提供给民警。,10.00,2026-07-27 11:22:46,2026-07-27 11:22:46
1785122566099798,电子银行交易指令一经确认、执行，不得要求变更或撤销。,10.00,2026-07-27 11:22:46,2026-07-27 11:22:46
1785122566100115,订立保险合同时，保险销售人员应当对免除或者减轻保险人责任的条款作出提示，并对有关免除保险人责任条款的概念、内容及其法律后果以书面或者口头形式向投保人作出明确的常人能够理解的解释说明。,10.00,2026-07-27 11:22:46,2026-07-27 11:22:46
1785122566100586,对非法集资协助人，由处置非法集资牵头部门给予警告、处罚款；构成犯罪的，依法追究刑事责任。,10.00,2026-07-27 11:22:46,2026-07-27 11:22:46
1785122566100911,对于金融机构来说，金融消费者权益保护服务平台建设将促进投诉处理提质增效。,10.00,2026-07-27 11:22:46,2026-07-27 11:22:46
1785122566101235,对于消费者的存款意愿，银行不得拒绝。,10.00,2026-07-27 11:22:46,2026-07-27 11:22:46
1785122566101570,多元纠纷解决机制包括诉讼、仲裁、调解、和解等多种方式,10.00,2026-07-27 11:22:46,2026-07-27 11:22:46
1785122566101876,多元纠纷解决机制不包含调解和仲裁。,10.00,2026-07-27 11:22:46,2026-07-27 11:22:46
1785122566102201,发生保险事故时，被保险人或驾驶人应当及时采取合理的、必要的施救和保护措施，防止或者减少损失，并在保险事故发生后及时通知保险人。,10.00,2026-07-27 11:22:46,2026-07-27 11:22:46
1785122566102554,发生保险事故时，出现驾驶员的驾驶证状态为“注销可恢复”属于保险责任。,10.00,2026-07-27 11:22:46,2026-07-27 11:22:46
1785122566102866,发现存款变保险后可寻求代理退保机构或个人协助处理。,10.00,2026-07-27 11:22:46,2026-07-27 11:22:46
1785122566103199,发现自己被骗子诱惑而进行汇款、转账操作后，首先应该第一时间联系银行、网络平台等支付机构采取相应应急措施，力争及时挽回损失,10.00,2026-07-27 11:22:46,2026-07-27 11:22:46
1785122566103531,凡是让你刷单信誉赚钱的一定是诈骗。,10.00,2026-07-27 11:22:46,2026-07-27 11:22:46
1785122566103842,凡是在微信、QQ等网络上先与你交友恋爱，后带你投资理财的一定是诈骗。,10.00,2026-07-27 11:22:46,2026-07-27 11:22:46
1785122566104175,反电信网络诈骗法规定，办理电话卡不得超出国家有关规定限制的数量。,10.00,2026-07-27 11:22:46,2026-07-27 11:22:46
1785122566104591,反欺诈工作以保护保险消费者合法权益，维护保险市场秩序，促进保险行业健康发展为目标。,10.00,2026-07-27 11:22:46,2026-07-27 11:22:46
1785122566104917,反诈防骗知识是金融教育中不可或缺的一部分，可以帮助消费者识别和防范各种金融诈骗手段。,10.00,2026-07-27 11:22:46,2026-07-27 11:22:46
1785122566105251,防范电信网络诈骗的三不原则是不听信、不转账、不参与。,10.00,2026-07-27 11:22:46,2026-07-27 11:22:46
1785122566105570,防范电信诈骗三不原则:不轻易、不透露、不转账!,10.00,2026-07-27 11:22:46,2026-07-27 11:22:46
1785122566105871,非法集资人、是指发起、主导或组织实施非法集资的单位和个人。,10.00,2026-07-27 11:22:46,2026-07-27 11:22:46
1785122566106243,个人参与虚拟货币投资交易活动没有法律风险。,10.00,2026-07-27 11:22:46,2026-07-27 11:22:46
1785122566106607,个人贷款采用质押担保方式的，消费者在贷款存续期间，需妥善保管质押物,10.00,2026-07-27 11:22:46,2026-07-27 11:22:46
1785122566106926,个人数据是指与已识别或可识别的自然人相关的任何数据,10.00,2026-07-27 11:22:46,2026-07-27 11:22:46
1785122566107295,个人信息保护的主要措施包括数据加密、访问控制、安全审计等。,10.00,2026-07-27 11:22:46,2026-07-27 11:22:46
1785122566107642,个人信息保护是一项长期而复杂的工作，需要不断加强和完善,10.00,2026-07-27 11:22:46,2026-07-27 11:22:46
1785122566107952,个人信息处理者处理不满十四周岁未成年人个人信息的，只需经过本人同意即可。,10.00,2026-07-27 11:22:46,2026-07-27 11:22:46
1785122566108312,个人信息处理者可以处理所有个人自行公开或者其他已经合法公开的个人信息。,10.00,2026-07-27 11:22:46,2026-07-27 11:22:46
1785122566108685,个人信息的保存期限，按“孰长”（即“就长不就短”）原则确定；不得要求授权使用的时限超出必要范围。,10.00,2026-07-27 11:22:46,2026-07-27 11:22:46
1785122566109032,个人信息的处理目的、处理方式和处理的个人信息种类发生变更的，无需重新取得个人同意。,10.00,2026-07-27 11:22:46,2026-07-27 11:22:46
1785122566109411,个人信息是以电子或者其他方式记录的与已识别或者可识别的自然人有关的各种信息，不包括匿名化处理后的信息。,10.00,2026-07-27 11:22:46,2026-07-27 11:22:46
1785122566109744,各单位可根据需要向客户提出通过调解方式解决纠纷的建议，客户同意调解的，各单位应与客户共同向调解组织提出申请。调解期间不计入投诉处理期限。,10.00,2026-07-27 11:22:46,2026-07-27 11:22:46
1785122566110087,各机构应当积极扩充消费投诉渠道，进一步完善电话、来信、来访等渠道，确保客服电话能够迅速转接至人工投诉通道，来信、来访能够快速转由专人处理。已开通官方网站、移动客户端、微信公众号等互联网投诉渠道的，应当在相关平台中设置消费投诉板块并配备专人处理。,10.00,2026-07-27 11:22:46,2026-07-27 11:22:46
1785122566110469,各级人民政府应当采取措施，制止不正当竞争行为，为公平竞争创造良好的环境和条件。,10.00,2026-07-27 11:22:46,2026-07-27 11:22:46
1785122566110792,各级银行保险机构对于客户提出调解申请的案件应及时予以响应、及时参与调解，积极协商、达成一致的工作机制。,10.00,2026-07-27 11:22:46,2026-07-27 11:22:46
1785122566111112,各级银行保险机构在纠纷处理中应当坚持快速响应、实事求是，力争在公司内部前置化解客户矛盾。,10.00,2026-07-27 11:22:46,2026-07-27 11:22:46
1785122566111457,根据个人信息保护法，个人无权要求金融机构删除其个人信息,10.00,2026-07-27 11:22:46,2026-07-27 11:22:46
1785122566111797,公安机关办理电信网络诈骗案件依法调取证据的，互联网服务提供者应当及时提供技术支持和协助。,10.00,2026-07-27 11:22:46,2026-07-27 11:22:46
1785122566112120,公平交易权要求不得设置违反公平原则的交易条件，在格式合同中不得加重金融消费者责任、限制或者排除金融消费者的合法权利，不得限制金融消费者寻求法律救济途径，不得减轻、免除本机构损害金融消费者合法权益应当承担的民事责任。,10.00,2026-07-27 11:22:46,2026-07-27 11:22:46
1785122566112486,购买基金不是替代储蓄的等效理财方式。,10.00,2026-07-27 11:22:46,2026-07-27 11:22:46
1785122566112827,股票的股息率是固定的。,10.00,2026-07-27 11:22:46,2026-07-27 11:22:46
1785122566113150,股票投资者享有公司的所有权和分红权。,10.00,2026-07-27 11:22:46,2026-07-27 11:22:46
1785122566113499,关于代为追偿，被保险人不可能成为保险人代为追偿的对象,10.00,2026-07-27 11:22:46,2026-07-27 11:22:46
1785122566113818,广告经营者、发布者设计、制作、发布虚假广告，造成消费者损害的，应当及提供该商品或者服务的经营者承担连带责任。,10.00,2026-07-27 11:22:46,2026-07-27 11:22:46
1785122566114150,国家鼓励、支持一切组织和个人对损害消费者合法权益的行为进行社会监督。,10.00,2026-07-27 11:22:46,2026-07-27 11:22:46
1785122566114521,和家人去吃饭，买单时你想刷卡付钱，可以把银行卡和密码直接给服务员,10.00,2026-07-27 11:22:46,2026-07-27 11:22:46
1785122566114847,和家人去吃饭，买单时你想刷卡付钱，可以直接把银行卡和密码直接给服务员。,10.00,2026-07-27 11:22:46,2026-07-27 11:22:46
1785122566115198,汇款回单只能作为会出银行受理汇款的依据，不能作为汇款已转入收款人账号的证明。,10.00,2026-07-27 11:22:46,2026-07-27 11:22:46
1785122566115541,机动车辆保险条款分为主险、附加险，附加险可以独立投保。,10.00,2026-07-27 11:22:46,2026-07-27 11:22:46
1785122566115854,基于个人同意处理个人信息的，个人有权撤回其同意,10.00,2026-07-27 11:22:46,2026-07-27 11:22:46
1785122566116196,记帐式国债的价格会随着市场利率的变动而发生波动，消费者要承担一定的利率变动风险,10.00,2026-07-27 11:22:46,2026-07-27 11:22:46
1785122566116526,检查机关和公安机关有安全账户。,10.00,2026-07-27 11:22:46,2026-07-27 11:22:46
1785122566116885,接到电话可进行“征信修复”，花钱“洗白”不良征信记录。,10.00,2026-07-27 11:22:46,2026-07-27 11:22:46
1785122566117255,借记卡和信用卡均可以透支。,10.00,2026-07-27 11:22:46,2026-07-27 11:22:46
1785122566117590,金融机构必须采取适当的技术和组织措施，以确保个人信息的安全,10.00,2026-07-27 11:22:46,2026-07-27 11:22:46
1785122566117905,金融机构可以将消费者的个人信息用于任何营销活动。,10.00,2026-07-27 11:22:46,2026-07-27 11:22:46
1785122566118281,金融机构可以随意使用或泄露金融消费者的个人信息,10.00,2026-07-27 11:22:46,2026-07-27 11:22:46
1785122566118612,金融机构清分中心操作员在清分回笼现金中发现可疑的人民币，应立即向现场负责人报告，并换人复核，确认是假币的，应由现场负责人按规定填《假币收缴凭证》,10.00,2026-07-27 11:22:46,2026-07-27 11:22:46
1785122566118925,金融机构需做好信息披露。依据房贷产品及服务特性，及时、真实、准确、全面地披露关键信息，如贷款产品的年化利率等内容。此说法是否正确？,10.00,2026-07-27 11:22:46,2026-07-27 11:22:46
1785122566119320,金融机构因为遵守监管要求、降低风险，需要评估金融消费者的适当性，但不是因为确保金融产品或服务与消费者的需求和能力相匹配。,10.00,2026-07-27 11:22:46,2026-07-27 11:22:46
1785122566119735,金融机构应当对消费者的风险承受能力进行评估，并根据评估结果向消费者推荐合适的金融产品和服务。,10.00,2026-07-27 11:22:46,2026-07-27 11:22:46
1785122566120126,金融机构应当积极组织或参与金融管理部门组织的集中性金融知识普及活动即可，不需要另行开展日常性金融消费者教育。,10.00,2026-07-27 11:22:46,2026-07-27 11:22:46
1785122566120537,金融机构应当建立健全消费者权益保护机制，制定消费者权益保护工作计划。,10.00,2026-07-27 11:22:46,2026-07-27 11:22:46
1785122566120876,金融机构应当为消费者提供便捷的投诉和举报渠道。,10.00,2026-07-27 11:22:46,2026-07-27 11:22:46
1785122566121226,金融机构应当向消费者充分揭示金融产品和服务的风险，并提醒消费者注意防范。,10.00,2026-07-27 11:22:46,2026-07-27 11:22:46
1785122566121561,金融机构应当以通俗易懂的语言，及时、真实、准确、全面地向金融消费者披露可能影响其决策的信息，充分提示风险，不得发布夸大产品收益、掩饰产品风险等欺诈信息，不得作虚假或引人误解的宣传。,10.00,2026-07-27 11:22:46,2026-07-27 11:22:46
1785122566121986,金融机构应提高运用多元化解机制的积极性，优化整合、合理利用金融纠纷化解资源，提高矛盾纠纷诉前化解效率，为保护金融消费者合法权益构建和谐金融消费环境。此说法是否正确？,10.00,2026-07-27 11:22:46,2026-07-27 11:22:46
1785122566122475,金融机构应指定具体部门推动金融纠纷多元化解工作，将金融纠纷多元化解工作纳入本单位金融消费者权益保护工作绩效考评内容。,10.00,2026-07-27 11:22:46,2026-07-27 11:22:46
1785122566122887,金融机构在处理个人信息时，可以不遵守数据最小化原则。,10.00,2026-07-27 11:22:46,2026-07-27 11:22:46
1785122566123336,金融机构在评估金融消费者的适当性时，通常会考虑消费者的收入状况、投资经验、风险偏好等因素。,10.00,2026-07-27 11:22:46,2026-07-27 11:22:46
1785122566123772,金融机构在设置机构时，无需考虑金融消费者的监督和批评。,10.00,2026-07-27 11:22:46,2026-07-27 11:22:46
1785122566124221,金融机构在使用个人金融信息时，可以向本机构合作单位出售客户个人金融信息。,10.00,2026-07-27 11:22:46,2026-07-27 11:22:46
1785122566124678,金融机构在收集个人信息时，可以不告知客户收集的目的和用途,10.00,2026-07-27 11:22:46,2026-07-27 11:22:46
1785122566125012,金融机构在收集消费者个人信息时，无需经过消费者同意。,10.00,2026-07-27 11:22:46,2026-07-27 11:22:46
1785122566125362,金融机构在推广金融产品时，可以使用夸大其词的宣传语言。,10.00,2026-07-27 11:22:46,2026-07-27 11:22:46
1785122566125708,金融机构在推荐金融产品时，应确保推荐的产品与消费者的投资目标一致。,10.00,2026-07-27 11:22:46,2026-07-27 11:22:46
1785122566126021,金融机构在向消费者推荐金融产品时，只需考虑产品的风险性，无需考虑消费者的风险承受能力。,10.00,2026-07-27 11:22:46,2026-07-27 11:22:46
1785122566126432,金融机构在销售金融产品或服务时，可以隐瞒产品的风险，只强调收益。,10.00,2026-07-27 11:22:46,2026-07-27 11:22:46
1785122566126794,金融机构在销售金融产品时，无需向消费者披露可能的风险。,10.00,2026-07-27 11:22:46,2026-07-27 11:22:46
1785122566127213,金融机构在销售金融产品时，应当根据投资者的风险承受能力推荐相应风险等级的产品。,10.00,2026-07-27 11:22:46,2026-07-27 11:22:46
1785122566127553,金融机构作为向自然人提供产品和服务的组织，应高度重视个人信息保护。,10.00,2026-07-27 11:22:46,2026-07-27 11:22:46
1785122566127897,金融基础知识包括了解不同的金融产品和服务，以及它们的基本特性。,10.00,2026-07-27 11:22:46,2026-07-27 11:22:46
1785122566128258,金融市场的基本功能包括促进资金流动、提供金融服务、实现投资收益和扩大经济规模。,10.00,2026-07-27 11:22:46,2026-07-27 11:22:46
1785122566128618,金融市场是金融资产交易的平台，包括股票市场、债券市场、外汇市场等。,10.00,2026-07-27 11:22:46,2026-07-27 11:22:46
1785122566128955,金融消费者八大权益包括:财产安全权、知情权、自主选择权、公平交易权、依法求偿权、受教育权、受尊重权、信息安全权。,10.00,2026-07-27 11:22:46,2026-07-27 11:22:46
1785122566129322,金融消费者的投诉和纠纷应当得到及时、公正、合理的处理,10.00,2026-07-27 11:22:46,2026-07-27 11:22:46
1785122566129653,金融消费者合法权益受到损害，可以向保险公司要求赔 偿。,10.00,2026-07-27 11:22:46,2026-07-27 11:22:46
1785122566129998,金融消费者权益保护是金融工作中最贴近人民、与人民联系最为紧密的领域。,10.00,2026-07-27 11:22:46,2026-07-27 11:22:46
1785122566130362,金融消费者三适当原则的核心是保护消费者的合法权益。,10.00,2026-07-27 11:22:46,2026-07-27 11:22:46
1785122566130738,金融消费者三适当原则要求金融机构对消费者的投资行为负责。,10.00,2026-07-27 11:22:46,2026-07-27 11:22:46
1785122566131064,金融消费者享有八项基本权利。,10.00,2026-07-27 11:22:46,2026-07-27 11:22:46
1785122566131418,金融消费者享有自主定价权。,10.00,2026-07-27 11:22:46,2026-07-27 11:22:46
1785122566131730,金融消费者有权要求金融机构对个人信息进行保密，不得泄露给任何第三方。,10.00,2026-07-27 11:22:46,2026-07-27 11:22:46
1785122566132066,金融消费者在购买金融产品或服务时，有权要求金融机构提供真实、准确、全面的信息。,10.00,2026-07-27 11:22:46,2026-07-27 11:22:46
1785122566132454,金融消费者在购买金融产品或接受金融服务时，可以自行降低自己的风险等级，不需要遵守风险测评的要求。,10.00,2026-07-27 11:22:46,2026-07-27 11:22:46
1785122566132768,金融消费者在选择金融产品或服务前，应充分了解相关信息，注意合同条款，避免不公平的约定，以此来保护自己的自主选择权。,10.00,2026-07-27 11:22:46,2026-07-27 11:22:46
1785122566133085,金融消费者在选择金融产品或服务时，应当了解自己的风险承受能力和投资目的、仔细阅读产品或服务的说明书和风险提示、咨询专业人士或金融机构的建议。,10.00,2026-07-27 11:22:46,2026-07-27 11:22:46
1785122566133454,金融消费者在遭遇诈骗时，应第一时间选择报警，而不是通过多元纠纷机制解决。,10.00,2026-07-27 11:22:46,2026-07-27 11:22:46
1785122566133765,金融知识教育宣传可以以营销、推介行为替代金融知识普及与消费者教育。,10.00,2026-07-27 11:22:46,2026-07-27 11:22:46
1785122566134071,金融知识教育宣传应当坚持公益性，不得以营销、推介行为替代金融知识普及与消费者教育。,10.00,2026-07-27 11:22:46,2026-07-27 11:22:46
1785122566134422,经过线上面试你被聘为“省老年协会招聘形象大使”，且月薪六千，但是需要先交纳保证金，你选择先交纳保证金。,10.00,2026-07-27 11:22:46,2026-07-27 11:22:46
1785122566134876,经营者发现其提供的商品或者服务存在缺陷，有危及人身财产安全危险的，需要召回的，经营者可以要求消费者承担其因商品被召回支出的必要费用。,10.00,2026-07-27 11:22:46,2026-07-27 11:22:46
1785122566135240,经营者收集、使用消费者个人信息，应当遵循合法、正当、必要的原则。明示收集，使用信息的目的、方式和范围，并经消费者同意。经营者收集、使用消费者个人信息，应当公开其收集、使用规则，不得违反法律、法规的规定和双方的约定收集、使用信息。,10.00,2026-07-27 11:22:46,2026-07-27 11:22:46
1785122566135659,经营者未经消费者同意或者请求，或者消费者明确表示拒绝的，不得向其发送商业性信息。,10.00,2026-07-27 11:22:46,2026-07-27 11:22:46
1785122566135991,经营者未经消费者同意或者请求，可以向其发送商业性信息。,10.00,2026-07-27 11:22:46,2026-07-27 11:22:46
1785122566136377,境内商业银行可以将存款保险标识用于宣传本行理财产品。,10.00,2026-07-27 11:22:46,2026-07-27 11:22:46
1785122566136744,纠纷化解工作不得违反法律的基本原则，不得损害国家利益、公司和第三人合法权益。,10.00,2026-07-27 11:22:46,2026-07-27 11:22:46
1785122566137124,纠纷化解工作应充分尊重当事人意愿，保障当事人依法行使自己的民事权利和诉讼权利。,10.00,2026-07-27 11:22:46,2026-07-27 11:22:46
1785122566137592,纠纷化解工作应根据投诉纠纷实际情况，灵活确定解纷化解方式，提升解纷化解效率，降低当事人解纷处理成本。,10.00,2026-07-27 11:22:46,2026-07-27 11:22:46
1785122566137912,开立银行账户、支付账户根据实际情况可超出国家有关规定限制的数量。,10.00,2026-07-27 11:22:46,2026-07-27 11:22:46
1785122566138282,开启手机防骗功能可以有效预防诈骗电话。,10.00,2026-07-27 11:22:46,2026-07-27 11:22:46
1785122566138663,可以把银行卡卖给别人赚取500元,10.00,2026-07-27 11:22:46,2026-07-27 11:22:46
1785122566138976,可以在网上通过正规公司或银行申请贷款。,10.00,2026-07-27 11:22:46,2026-07-27 11:22:46
1785122566139414,"客户信息的编辑应当有客户授权或申请,并由相关操作权限人员进行相应的编辑操作。",10.00,2026-07-27 11:22:46,2026-07-27 11:22:46
1785122566139775,"客户信息的收集应当符合实际业务经营需求,任何部门不得误导客户提供不真实客户信息或经篡改的客户信息。",10.00,2026-07-27 11:22:46,2026-07-27 11:22:46
1785122566140092,老丁是某公司出纳，经常要给客户汇款。这天他手机上突然收到自称是公司老板的发来一条信息：“有一笔货款，请把钱打到这个账户上622*********王斌”。他猛然想起有一笔货款说好当天打的，于是他没有进一步核实对方身份，便按照信息上的账户将钱汇了过去。,10.00,2026-07-27 11:22:46,2026-07-27 11:22:46
1785122566140581,李某一日收到一号码尾号为95588的手机短信，提醒自己网银到期，请点击附加网站进行更新，李某知道95588为工行服务电话，便按照提示进行操作,10.00,2026-07-27 11:22:46,2026-07-27 11:22:46
1785122566140920,李先生接到银行发来的信用卡提升额度短信，里面包含了一条网址链接，李先生立即点开链接并输入个人信息。,10.00,2026-07-27 11:22:46,2026-07-27 11:22:46
1785122566141306,理财规划的基本原则之一是风险和收益匹配原则，高收益必然高风险。,10.00,2026-07-27 11:22:46,2026-07-27 11:22:46
1785122566141660,理赔申请时被拒赔可与保险公司工作人员寻求解释。,10.00,2026-07-27 11:22:46,2026-07-27 11:22:46
1785122566141996,利率是衡量资金成本的重要指标，也是货币政策的重要工具。,10.00,2026-07-27 11:22:46,2026-07-27 11:22:46
1785122566142374,没有开立存款账户的消费者，不能办理支付结算。,10.00,2026-07-27 11:22:46,2026-07-27 11:22:46
1785122566142725,某日，李某到某银行分行营业大厅办理银行信息查询业务，称其想要查询并打印其弟弟名下的银行账户明细。由于李某弟弟在国外读书，无法返回，遂委托李某代为办理。因李某未出具相关的《公证委托书》，某银行分行工作人员表示无法为其办理此笔委托查询业务。该行做法是否正确？,10.00,2026-07-27 11:22:46,2026-07-27 11:22:46
1785122566143055,某同学近日在网上找到了一份刷单的工作，并在朋友圈大肆炫耀其每天日入百元的“战绩”。她找到你，并向你推荐这份轻松地工作。此时你应该劝说某同学和身边的好朋友们，并积极将此事反应给老师或辅导员。,10.00,2026-07-27 11:22:46,2026-07-27 11:22:46
1785122566143417,侵害个人信息权益造成损害，个人信息处理者不能证明自己没有过错的，应当承担损害赔偿等侵权责任。,10.00,2026-07-27 11:22:46,2026-07-27 11:22:46
1785122566143754,求职签合同时，合同一般应包括工作时间、薪酬数额、薪酬支付时间、薪酬支付方式。,10.00,2026-07-27 11:22:46,2026-07-27 11:22:46
1785122566144117,全国反电诈报警电话是96111。,10.00,2026-07-27 11:22:46,2026-07-27 11:22:46
1785122566144583,人民币是我国的法定货币，各企业不得拒收现金。,10.00,2026-07-27 11:22:46,2026-07-27 11:22:46
1785122566144906,任何单位和个人不得印制、发售代币票券，以代替人民币在市场上流通。,10.00,2026-07-27 11:22:46,2026-07-27 11:22:46
1785122566145251,任何单位和个人都应当爱护人民币，禁止损害人民 币和妨碍人民币流通。,10.00,2026-07-27 11:22:46,2026-07-27 11:22:46
1785122566145614,任何机构、组织或者个人不得违法违规开展保险退保业务推介 、咨询、代办等活动，诱导投保人退保，扰乱保险市场秩序。,10.00,2026-07-27 11:22:46,2026-07-27 11:22:46
1785122566145935,任何陌生人在电话中提出要求网上银行操作或ATM机操作的指令不要听取，立刻挂断电话，遇到疑惑可主动咨询110。,10.00,2026-07-27 11:22:46,2026-07-27 11:22:46
1785122566146311,如果个人信息被非法获取，金融机构应立即通知受影响的客户和相关监管机构。,10.00,2026-07-27 11:22:46,2026-07-27 11:22:46
1785122566146674,如果金融机构未充分尊重金融消费者的自主选择权，会使消费者权益受损，但不会影响金融市场稳定,10.00,2026-07-27 11:22:46,2026-07-27 11:22:46
1785122566147027,如果金融消费者发现自己的个人信息被泄露，可以要求金融机构删除自己的个人信息，如果金融机构不配合，可以提起法律诉讼。,10.00,2026-07-27 11:22:46,2026-07-27 11:22:46
1785122566147412,如果金融消费者自身主动要求购买高风险产品，金融机构无需进行适当性评估。,10.00,2026-07-27 11:22:46,2026-07-27 11:22:46
1785122566147728,如果收到期末考试成绩查询短信、银行卡扣费提醒短信、重磅八卦短信、手机运营商积分兑换、买卖游戏装备等各种名目的短信后附有一条网址链接，你很感兴趣，但不会直接点开附有的链接，会登录官网核实、查看,10.00,2026-07-27 11:22:46,2026-07-27 11:22:46
1785122566148065,如果手机不小心弄丢了，之前手机已经绑定了微信、支付宝、银行卡，为了保护自己的财产信息，应立即挂失手机号并且冻结手机网银，解绑与手机号绑定的支付宝、微信等支付账户。,10.00,2026-07-27 11:22:46,2026-07-27 11:22:46
1785122566148478,如果有人给你一笔钱请你用自己的身份证帮他办理一张银行卡或电话卡，你可以同意。,10.00,2026-07-27 11:22:46,2026-07-27 11:22:46
1785122566148806,商业银行分支机构可自行制作理财产品宣传销售文本。,10.00,2026-07-27 11:22:46,2026-07-27 11:22:46
1785122566149144,商业银行可适当向客户提供与其真实需要和风险承受能力不相符合的产品和服务。,10.00,2026-07-27 11:22:46,2026-07-27 11:22:46
1785122566149541,商业银行应建立员工代理开户业务风险隔离制度，允许营业网点员工在本网点代理他人开户。,10.00,2026-07-27 11:22:46,2026-07-27 11:22:46
1785122566149866,设立移动互联网应用程序应当按照国家有关规定向电信主管部门办理许可或者备案手续。,10.00,2026-07-27 11:22:46,2026-07-27 11:22:46
1785122566150206,设置复杂的银行和网上银行密码，不使用与其他账户相同的密码，不透露短信验证码给他人。,10.00,2026-07-27 11:22:46,2026-07-27 11:22:46
1785122566150581,设置密码时使用个人生日、手机号码等，以免遗忘。,10.00,2026-07-27 11:22:46,2026-07-27 11:22:46
1785122566150892,社会公众可以在互联网上免费查询本人的信用报告。,10.00,2026-07-27 11:22:46,2026-07-27 11:22:46
1785122566151229,社交网络上分享的图片、视频等内容不会暴露个人信息。,10.00,2026-07-27 11:22:46,2026-07-27 11:22:46
1785122566151599,使用ATM机时用手遮住键盘。,10.00,2026-07-27 11:22:46,2026-07-27 11:22:46
1785122566151911,市民张先生接到电话，对方自称是公安局的，称其涉嫌洗钱活动，要求接受调查。张先生当即否认自己犯罪，对方表示公安机关已经对他进行通缉，并告诉他可在网上查到通缉令。按照对方给的网址查询，张先生果然看到了自己被通缉的信息，于是坚信不疑，按照对方要求把钱汇到指定的“安全戶”。,10.00,2026-07-27 11:22:46,2026-07-27 11:22:46
1785122566152280,收到陌生网友发来的不明链接，可以直接点击吗？,10.00,2026-07-27 11:22:46,2026-07-27 11:22:46
1785122566152637,收集个人信息，应当限于实现处理目的的最小范围，不得过度收集个人信息。,10.00,2026-07-27 11:22:46,2026-07-27 11:22:46
1785122566152964,受教育权要求进一步强化金融消费者教育，积极组织或参与金融知识普及活动，开展广泛、持续的日常性金融消费者教育，帮助金融消费者提高对金融产品和服务的认知能力和自我保护能力，提升金融消费者金融素养和诚实守信意识。,10.00,2026-07-27 11:22:46,2026-07-27 11:22:46
1785122566153319,刷单是指以虚构交易、编造用户评价等方式进行虚假或者引人误解的商业宣传，欺骗、误导消费者的行为。大学生可以通过兼职刷单增加自己的收入。,10.00,2026-07-27 11:22:46,2026-07-27 11:22:46
1785122566153692,虽然客户没有同意或请求，但保险公司经常向客户发送产品信息是提高服务水平的表现。,10.00,2026-07-27 11:22:46,2026-07-27 11:22:46
1785122566154031,随着移动支付愈加便利化，很多人出门购物，吃饭不带钱包，用手机“扫一扫”就行。在地铁站，公交站等地方，骗子往往手里举着二维码的牌子，请市民帮忙扫码，理由多为以“初创企业”，“做活动”。有些二维码可能带有病毒，一旦扫描并安装，钱财存在被盗刷的风险，谨防上当受骗。,10.00,2026-07-27 11:22:46,2026-07-27 11:22:46
1785122566154427,提高反诈防骗的措施中提到的“不再出租或出售两卡”中“两卡”指的是银行卡和手机卡。,10.00,2026-07-27 11:22:46,2026-07-27 11:22:46
1785122566154774,提高风险意识和自我保护意识。不轻信陌生电话、短信、邮件和网络留言，特别是那些要求提供个人信息或转账的请求。,10.00,2026-07-27 11:22:46,2026-07-27 11:22:46
1785122566155123,通过视频、音频方式开展金融营销宣传活动的，不必采取能够使金融消费者足够注意和易于接收理解的适当形式披露告知警示、免责类信息。,10.00,2026-07-27 11:22:46,2026-07-27 11:22:46
1785122566155502,通过视频、音频方式开展金融营销宣传活动的，应当采取能够使金融消费者足够注意和易于接收理解的适当形式披露告知个人信息。,10.00,2026-07-27 11:22:46,2026-07-27 11:22:46
1785122566155815,通过微信、QQ、邮件等网络平台，以各种名义传输给我们的压缩文件，可以抱有侥幸心理，随意打开，文件内不可能含有木马病毒。,10.00,2026-07-27 11:22:46,2026-07-27 11:22:46
1785122566156179,同学崔某在交友网站上认识一女子，通过QQ、电话微信等方式与其相聊甚欢后被该女子以各种理由骗取人民币4000元。崔某发觉后，在盛怒之下将其QQ号微信号、手机号码全部删除，这样的做法对不对？,10.00,2026-07-27 11:22:46,2026-07-27 11:22:46
1785122566156577,同学丁某在网上卖游戏帐号，对方要求其缴纳保证金2000元，丁某缴纳了保证金,10.00,2026-07-27 11:22:46,2026-07-27 11:22:46
1785122566156946,同学黄某接到一个自称某网贷平台工作人员的电话，称目前国家正在清理大学生网贷，要求黄某配合平台调查。于是黄某就按对方要求在各平台进行验证操作,10.00,2026-07-27 11:22:46,2026-07-27 11:22:46
1785122566157306,同学李某在网上看到一个贷款公司，在没任何正规手续的情况下被对方收取保证金为由骗取人民币3000元，并继续催促李某打钱给对方，李某一边周旋，一边迅速到公安机关报案。,10.00,2026-07-27 11:22:46,2026-07-27 11:22:46
1785122566157697,同学小苏收到短信，称其有包裹被扣在邮局，让其回电。小苏回电后，对方称其包裹涉嫌危险物品，直接将电话转接到公安局，公安局为核实情况让小苏将银行卡内的钱款转到“安全账户”。小苏感到很恐慌，立马将卡内所有钱转到该账户。,10.00,2026-07-27 11:22:46,2026-07-27 11:22:46
1785122566158011,同学小婷被邀请进了微信群，一天她收到群里的100元祝福红包，平时都是直接拆开红包，这次却要填写个人信息，还需要填写红包的密码，这时小婷应该耐心填写信息，毕竟有大红包。,10.00,2026-07-27 11:22:46,2026-07-27 11:22:46
1785122566158422,"同学小张收到“双11嘉年华”发来的邮件，称其获得购物参与大奖,让其点击链接进入节目网站领取奖品。小张非常兴奋，赶紧点开链接领奖。",10.00,2026-07-27 11:22:46,2026-07-27 11:22:46
1785122566158740,同学在某在交友网站上认识一女子，通过QQ、电话微信等方式与其相聊甚欢后被该女子以各种理由骗取人民币 4000元。崔某发觉后，在盛怒之下将其QQ号微信号、手机号码全部删除，这样的做法对不对？,10.00,2026-07-27 11:22:46,2026-07-27 11:22:46
1785122566159052,投诉人为客户继承人的，可不用要求提供继承关系证明。,10.00,2026-07-27 11:22:46,2026-07-27 11:22:46
1785122566159441,投资者风险测评不可由他人代替作答，应认真对待，理性评估风险承受能力。,10.00,2026-07-27 11:22:46,2026-07-27 11:22:46
1785122566159759,王某在家接到公安机关电话称自己涉嫌某洗钱案件，让王某与检察官沟通认错，王某连忙拨打该电话。,10.00,2026-07-27 11:22:46,2026-07-27 11:22:46
1785122566160065,为保障银行消费者隐私权，商业银行有权拒绝任何单位或者个人查询、冻结、扣划个人储蓄存款,10.00,2026-07-27 11:22:46,2026-07-27 11:22:46
1785122566160432,为了达到宣传效果，银行在基金营销宣传时，可以使用安全、保证、承诺、保险、避险、有保障、高收益、无风险等表述,10.00,2026-07-27 11:22:46,2026-07-27 11:22:46
1785122566160840,为了预防、遏制和惩治电信网络诈骗活动，加强反电信网络诈骗工作，保护公民和组织的合法权益，维护社会稳定和国家安全，根据宪法，制定本法。,10.00,2026-07-27 11:22:46,2026-07-27 11:22:46
1785122566161174,未按时还款的信息，即逾期记录，只要后来还清了借款，就不会在个人信用信息基础数据库中记录。,10.00,2026-07-27 11:22:46,2026-07-27 11:22:46
1785122566161523,未取得个人单独同意，个人信息处理者不得公开其处理的个人信息。,10.00,2026-07-27 11:22:46,2026-07-27 11:22:46
1785122566161834,“这是XX银行，您的银行账号已被盗，请重新发送您的账号和密码至XXXX，完成转账”，收到此类短信后你会怎么做？（ ）,10.00,2026-07-27 11:22:46,2026-07-27 11:22:46
1785122566162267,《反洗钱法》规定，任何单位和个人发现洗钱活动，有权向（ ?）举报。接受举报的机关应当对举报人和举报内容保密。,10.00,2026-07-27 11:22:46,2026-07-27 11:22:46
1785122566162730,《中华人民共和国反电信网络诈骗法》明确，电信业务经营者应当依法全面落实电话用户（ ）登记制度。,10.00,2026-07-27 11:22:46,2026-07-27 11:22:46
1785122566163274,《中华人民共和国消费者权益保护法》规定，保护消费者的合法权益是（）。,10.00,2026-07-27 11:22:46,2026-07-27 11:22:46
1785122566163831,"市民张先生报称在手游交易平台进行账号交易,其将账号交给平台审核 ,后对方称其账号被冻结，需要解冻，其充值800元后被骗，请问这是什么诈骗类型？",10.00,2026-07-27 11:22:46,2026-07-27 11:22:46
1785122566164289,96100是什么电话，接到要怎么处理（ ）,10.00,2026-07-27 11:22:46,2026-07-27 11:22:46
1785122566164898,保险公司的资金运用必须稳健，遵循 性原则。,10.00,2026-07-27 11:22:46,2026-07-27 11:22:46
1785122566165502,保险公司在产品说明书和其他宣传材料中演示保单利益时，应当采用（ ）档演示新型产品未来的利益给付。,10.00,2026-07-27 11:22:46,2026-07-27 11:22:46
1785122566166055,保险合同当事人中投保人的最基本的义务是（ ）,10.00,2026-07-27 11:22:46,2026-07-27 11:22:46
1785122566166624,保险合同是()与()约定保险权利义务关系的协议。,10.00,2026-07-27 11:22:46,2026-07-27 11:22:46
1785122566167187,保险机构发现违法事实，涉嫌犯罪需要依法追究刑事责任的，应及时向（）报案。,10.00,2026-07-27 11:22:46,2026-07-27 11:22:46
1785122566167736,保险事故是指（）的保险责任范围内的事故。,10.00,2026-07-27 11:22:46,2026-07-27 11:22:46
1785122566168266,保障金融消费者受尊重权，以下哪一项不属于受尊重权（ ）,10.00,2026-07-27 11:22:46,2026-07-27 11:22:46
1785122566168832,不变相强制收集消费者个人信息，防控信息泄露风险属于（ ）,10.00,2026-07-27 11:22:46,2026-07-27 11:22:46
1785122566169386,不属于非法集资特征的是（ ）,10.00,2026-07-27 11:22:46,2026-07-27 11:22:46
1785122566169940,不应设置违反公平原则的交易条件，不得限制消费者寻求法律救济途径属于（ ）,10.00,2026-07-27 11:22:46,2026-07-27 11:22:46
1785122566170507,产品宣传材料应（）地反映产品的主要特性，严禁夸大收益率或隐瞒重要风险信息。,10.00,2026-07-27 11:22:46,2026-07-27 11:22:46
1785122566171082,陈大爷经朋友介绍，了解到一个以公司名义向社会公开发行的定期固定收益理财产品，收益比存银行要高多了，张大爷应该投资购买吗？,10.00,2026-07-27 11:22:46,2026-07-27 11:22:46
1785122566171495,诚实信用作为保险代理人员应当遵守的职业道德原则，其要求保险代理人员对（）,10.00,2026-07-27 11:22:46,2026-07-27 11:22:46
1785122566172181,出于支付安全的角度，下列哪一项做法是错误的(）,10.00,2026-07-27 11:22:46,2026-07-27 11:22:46
1785122566173007,出租或出借自己的身份证、银行卡，可能会产生以下哪个后果（）,10.00,2026-07-27 11:22:46,2026-07-27 11:22:46
1785122566173763,处理消费者个人信息应当具有明确、合理的目的，并应当与处理目的直接相关，采取对消费者个人权益影响（ ）的方式收集个人信息。,10.00,2026-07-27 11:22:46,2026-07-27 11:22:46
1785122566174463,传统保险产品在家庭资产配置中的作业不包括？,10.00,2026-07-27 11:22:46,2026-07-27 11:22:46
1785122566175121,大学生对校园贷应持什么态度？(),10.00,2026-07-27 11:22:46,2026-07-27 11:22:46
1785122566175682,大学生求职签合同时，合同一般应包括以下主要事项()。,10.00,2026-07-27 11:22:46,2026-07-27 11:22:46
1785122566176264,大学生易受虚假招聘信息诈骗，下列选项中不属于该项诈骗的是（）,10.00,2026-07-27 11:22:46,2026-07-27 11:22:46
1785122566176868,大学生在接到类似诈骗的短信后不应该（）,10.00,2026-07-27 11:22:46,2026-07-27 11:22:46
1785122566177465,当接到快递电话，称你购买的物品丢失，需要给你补偿时，正确的做法是(),10.00,2026-07-27 11:22:46,2026-07-27 11:22:46
1785122566177902,当你接到电话或收到短信称你的银行卡在异地有消费记录，如有疑问请拨打某电话查询时，以下不可取的是(),10.00,2026-07-27 11:22:46,2026-07-27 11:22:46
1785122566178354,当你接到一个自称是银行工作人员的电话，要求你提供银行卡号和密码时，你应该怎么做？,10.00,2026-07-27 11:22:46,2026-07-27 11:22:46
1785122566178902,当你在网上购买游戏点卡，对方称点卡购买超时，需要重新下单，以下做法正确的是？(),10.00,2026-07-27 11:22:46,2026-07-27 11:22:46
1785122566179390,当你在网站上查找租房信息并看上合适的房源，以下不可取的是（),10.00,2026-07-27 11:22:46,2026-07-27 11:22:46
1785122566179817,当您刚刚买完车，就接到了购车退税好消息的，您会怎么做？〔 〕,10.00,2026-07-27 11:22:46,2026-07-27 11:22:46
1785122566180246,当您接到电话，称您的号码涉案，让您按指示将钱款转移到平安账户，您会怎么办？〔〕,10.00,2026-07-27 11:22:46,2026-07-27 11:22:46
1785122566180794,当消费者遇到“保险拒赔”的情况时，以下哪个做法是不正确的？,10.00,2026-07-27 11:22:46,2026-07-27 11:22:46
1785122566181381,当有朋友突然通过QQ向你借钱时，正确的做法是（）。,10.00,2026-07-27 11:22:46,2026-07-27 11:22:46
1785122566181904,当有人向你提出有偿使用你的收款二维码时，你应该（）,10.00,2026-07-27 11:22:46,2026-07-27 11:22:46
1785122566182363,当遇到可疑陌生电话、短信或者网络信息时，应（）,10.00,2026-07-27 11:22:46,2026-07-27 11:22:46
1785122566182898,电信网络诈骗，是指以非法占有为目的，利用电话、短信、互联网等电信网络技术手段，通过远程、非接触方式，骗取（）的行为。,10.00,2026-07-27 11:22:46,2026-07-27 11:22:46
1785122566183435,电信网络诈骗无孔不入，需要随时保持警惕，以下几点不属于良好的移动支付习惯是？,10.00,2026-07-27 11:22:46,2026-07-27 11:22:46
1785122566183984,发现可能已经被诈骗以下哪个行为不能做？,10.00,2026-07-27 11:22:46,2026-07-27 11:22:46
1785122566184586,防范金融诈骗的小知识包括,10.00,2026-07-27 11:22:46,2026-07-27 11:22:46
1785122566185226,非法校园贷的特征有哪些？,10.00,2026-07-27 11:22:46,2026-07-27 11:22:46
1785122566185761,"服务价格应遵循()原则，各项服务必须“明码标价”,充分履行告知义务，使客户明确了解服务内容、方式、功能、效果，以及对应的收费标准，确保客户了解充分信息，自主选择。",10.00,2026-07-27 11:22:46,2026-07-27 11:22:46
1785122566186292,个人敏感信息包括下列哪些内容？,10.00,2026-07-27 11:22:46,2026-07-27 11:22:46
1785122566186878,个人信息保护中，以下哪项行为属于侵犯个人金融信息？,10.00,2026-07-27 11:22:46,2026-07-27 11:22:46
1785122566187436,个人信用报告信息包括（ ）,10.00,2026-07-27 11:22:46,2026-07-27 11:22:46
1785122566188088,根据《中华人民共和国个人信息保护法》，个人信息处理者处理个人信息时，应当遵循的原则是（）？,10.00,2026-07-27 11:22:46,2026-07-27 11:22:46
1785122566188795,根据法律规定，个人信息处理者不得过度收集个人信息，下列关于个人信息收集范围的说法，正确的是（）,10.00,2026-07-27 11:22:46,2026-07-27 11:22:46
1785122566189469,根据合同内容的不同，保险条款可以分为基本条款和( )。,10.00,2026-07-27 11:22:46,2026-07-27 11:22:46
1785122566190019,工作人员告诉张阿姨：“消费者应妥善保管银行卡，为了确保资金安全，不要将卡片与（）一起存放。,10.00,2026-07-27 11:22:46,2026-07-27 11:22:46
1785122566190649,公平、公正制定格式合同条款及服务协议文本，不设置违反公平原则的交易条件，这属于保障消费者的（ ）权益。,10.00,2026-07-27 11:22:46,2026-07-27 11:22:46
1785122566191176,关于处理个人信息，下列说法错误的是____。,10.00,2026-07-27 11:22:46,2026-07-27 11:22:46
1785122566191762,关于借记卡，以下哪种说法是正确的（ ）,10.00,2026-07-27 11:22:46,2026-07-27 11:22:46
1785122566192188,关于提高对电信网络诈骗的认识，下列说法错误的是,10.00,2026-07-27 11:22:46,2026-07-27 11:22:46
1785122566192769,关于银行个人存款账户实名制，以下哪种证件能做为实名身份证件？,10.00,2026-07-27 11:22:46,2026-07-27 11:22:46
1785122566193317,国家保护消费者的（ ）不受侵害。,10.00,2026-07-27 11:22:46,2026-07-27 11:22:46
1785122566193868,国家反诈骗中心电话是（）,10.00,2026-07-27 11:22:46,2026-07-27 11:22:46
1785122566194467,"孩子班级群里有家长发了个二维码， 并通知家长扫描付款，用于购买孩子的学习资料,正确做法是（）",10.00,2026-07-27 11:22:46,2026-07-27 11:22:46
1785122566194882,韩某在网站找兼职时，看到一则信息，说是给某网站刷信誉可以赚钱，韩某下列哪项行为正确（）。,10.00,2026-07-27 11:22:46,2026-07-27 11:22:46
1785122566195441,急需用钱时，可以多办几张信用卡套现，以卡还卡。,10.00,2026-07-27 11:22:46,2026-07-27 11:22:46
1785122566195865,加强消费者权益保护体制机制建设，提升公司消费者权益保护工作水平，是金融保险机构实施（ ）战略的重要工作之一。,10.00,2026-07-27 11:22:46,2026-07-27 11:22:46
1785122566196458,假如您的手机丢了，第一时间您会想到什么？〔 〕,10.00,2026-07-27 11:22:46,2026-07-27 11:22:46
1785122566196910,假如有陌生人加您微信好友，您会怎么办？〔 〕,10.00,2026-07-27 11:22:46,2026-07-27 11:22:46
1785122566197391,假如有朋友跟您借钱，您会不会借？〔〕,10.00,2026-07-27 11:22:46,2026-07-27 11:22:46
1785122566197827,假如在交友网站上认识的人骗了您钱，您会怎么办？〔〕,10.00,2026-07-27 11:22:46,2026-07-27 11:22:46
1785122566198367,"接到银行工作人员电话，说你银行卡欠费，解释半天，对方帮你转接公安局,警官称你可能身份证被冒用,涉嫌犯罪,给你发送“资金验证系统”链接,让你填写银行卡信息，帮你查银行账户流水，你该怎么办?",10.00,2026-07-27 11:22:46,2026-07-27 11:22:46
1785122566198840,接到自称快递员的来电，对方准确说出了你的身份信息和家庭地址，称把你的快递弄丢了，要全额退款，发送退款链接让你填写银行卡信息，称填完后退款将直接退到银行卡，此时你该怎么做?,10.00,2026-07-27 11:22:46,2026-07-27 11:22:46
1785122566199276,"接到自称民警的来电，说你涉嫌犯罪，让你加好友,把通缉令发给你看，你该怎么办?",10.00,2026-07-27 11:22:46,2026-07-27 11:22:46
1785122566199715,接到自称是“公检法”工作人员电话，要在电话里进行笔录，并核查你名下的所有资金，你会怎么做？,10.00,2026-07-27 11:22:46,2026-07-27 11:22:46
1785122566200254,金融机构对先前获得的客户身份资料的( )有疑问的，应当重新识别客户身份。,10.00,2026-07-27 11:22:46,2026-07-27 11:22:46
1785122566200822,金融机构将销售、服务环节的服务承诺进行公示体现了对消费者的( )。,10.00,2026-07-27 11:22:46,2026-07-27 11:22:46
1785122566201380,金融机构应如何保护消费者的个人信息？（ ）,10.00,2026-07-27 11:22:46,2026-07-27 11:22:46
1785122566201928,金融机构应如何处理消费者投诉？（ ）,10.00,2026-07-27 11:22:46,2026-07-27 11:22:46
1785122566202501,金融机构在处理个人信息时，以下哪项措施是错误的？,10.00,2026-07-27 11:22:46,2026-07-27 11:22:46
1785122566203016,金融机构在收集和使用个人金融信息时，应遵循什么原则？,10.00,2026-07-27 11:22:46,2026-07-27 11:22:46
1785122566203566,金融机构在销售保险产品时，以下哪种行为是违法的？,10.00,2026-07-27 11:22:46,2026-07-27 11:22:46
1785122566204110,金融机构主要分为（ ）两大类。,10.00,2026-07-27 11:22:46,2026-07-27 11:22:46
1785122566204650,金融纠纷解决的方式不包括哪一种？,10.00,2026-07-27 11:22:46,2026-07-27 11:22:46
1785122566205247,金融消费者八项权益中的“知情权”是指：,10.00,2026-07-27 11:22:46,2026-07-27 11:22:46
1785122566205770,金融消费者的受教育权包括以下哪些方面？,10.00,2026-07-27 11:22:46,2026-07-27 11:22:46
1785122566206322,金融消费者合法权益受到侵害时，可以拨打银行保险消费者投诉维权热线，电话号码是：,10.00,2026-07-27 11:22:46,2026-07-27 11:22:46
1785122566206903,金融消费者是指（ ）金融机构提供的金融产品和服务的自然人。,10.00,2026-07-27 11:22:46,2026-07-27 11:22:46
1785122566207461,金融消费者在购买、使用金融产品和接受金融服务时，享有生命健康和财产不受威胁、侵害的权利。”此定义描述的是以下哪项权利？( ),10.00,2026-07-27 11:22:46,2026-07-27 11:22:46
1785122566208004,金融消费者在购买金融产品时，应当如何保护自己的权益？,10.00,2026-07-27 11:22:46,2026-07-27 11:22:46
1785122566208600,金融许可证应当在__的显著位置公示。,10.00,2026-07-27 11:22:46,2026-07-27 11:22:46
1785122566209123,近年来出现了多起因非法校园贷，电信诈骗等致使大学生自杀或猝死的现象，引发社会极大关注，一定程度上反映了大学生在遭遇挫折后心理承受能力，那么当大学生遭受挫折陷入困境时，如何正确调整心态，勇敢面对（）,10.00,2026-07-27 11:22:46,2026-07-27 11:22:46
1785122566209677,经营者不得对消费者进行侮辱、诽谤，不得搜查( )不得侵犯消费者的人身自由,10.00,2026-07-27 11:22:46,2026-07-27 11:22:46
1785122566210209,经营者提供商品或服务，应向消费者出具购货凭证或服务单据；消费者索要购货凭证或服务单据的，经营者( )出具,10.00,2026-07-27 11:22:46,2026-07-27 11:22:46
1785122566210783,"李某收到短信:“你的淘宝信誉良好,邀请加入刷单,待遇丰厚，联系加***.”他应该怎么做?",10.00,2026-07-27 11:22:46,2026-07-27 11:22:46
1785122566211213,理财应具备几项基本原则，下列说法不正确的是,10.00,2026-07-27 11:22:46,2026-07-27 11:22:46
1785122566211774,冒充公检法诈骗的手法通常为？(),10.00,2026-07-27 11:22:46,2026-07-27 11:22:46
1785122566212204,某保险公司在微信公众号发布季度理赔报告时，引用了一位客户的案例，未将理赔凭证上的客户信息进行处理，造成客户隐私泄露。该行为主要侵害了金融消费者八大权益的（）。,10.00,2026-07-27 11:22:46,2026-07-27 11:22:46
1785122566212818,某金融机构将其客户信息泄露至第三方合作机构，以牟取不法收益，侵犯了金融消费者的( ),10.00,2026-07-27 11:22:46,2026-07-27 11:22:46
1785122566213380,某金融机构员工拿着单位系统提取客户清单明细进行网络售卖，导致客户投诉，以上现象是违反了金融消费者哪项权益？（）,10.00,2026-07-27 11:22:46,2026-07-27 11:22:46
1785122566213943,某日，您手机收到了一条告知您的网银需要晋级的短信，您会怎么办？〔 〕,10.00,2026-07-27 11:22:46,2026-07-27 11:22:46
1785122566214406,某同学收到短信，说他的账户涉及洗钱，需要冻结其银行账户，现要求其配合调查，并将银行卡里的钱打入指定账户，等调查结束后返还，此时该同学需要做什么？,10.00,2026-07-27 11:22:46,2026-07-27 11:22:46
1785122566214942,某同学收到陌生电话，称有高回报理财，当去银行汇款时，银行工作人员担心其上当受骗劝阻其汇款，此时该同学应该怎么办？,10.00,2026-07-27 11:22:46,2026-07-27 11:22:46
1785122566215566,某同学网恋被骗1万元，他应该怎么办？,10.00,2026-07-27 11:22:46,2026-07-27 11:22:46
1785122566216090,某同学充值游戏会员，下列正确的是,10.00,2026-07-27 11:22:46,2026-07-27 11:22:46
1785122566216565,某同学在网上购物后，接到自称客服的电话，称其错误操作，将其列为代理，扣了其500元会员费，该同学应该怎么办？,10.00,2026-07-27 11:22:46,2026-07-27 11:22:46
1785122566217122,某同学在网上看到一则消息，给某网站刷单可以赚钱，下列哪项行为正确？,10.00,2026-07-27 11:22:46,2026-07-27 11:22:46
1785122566217570,挪用、占用客户资金，这属于侵害消费者的（ ）。,10.00,2026-07-27 11:22:46,2026-07-27 11:22:46
1785122566218080,朋友打电话给小张，要求小张将信用卡给他使用一段时间，顺便帮其提升额度，小张正确的处理方式是？,10.00,2026-07-27 11:22:46,2026-07-27 11:22:46
1785122566218433,人民币的简写符号是（ ）。,10.00,2026-07-27 11:22:46,2026-07-27 11:22:46
1785122566218960,人身保险是以人的寿命和（ ）为保险标的的保险。,10.00,2026-07-27 11:22:46,2026-07-27 11:22:46
1785122566219511,如果接到陌生电话声称自己是电商平台的售后客服，以快递丢失为由让你提供验证码、身份证等信息，你会怎么做？,10.00,2026-07-27 11:22:46,2026-07-27 11:22:46
1785122566220031,如果你接到了一个陌生电话，对方声称是你的老师，需要你转账缴纳学费，你应该怎么做？,10.00,2026-07-27 11:22:46,2026-07-27 11:22:46
1785122566220584,如果你收到了一条陌生短信，声称你的银行账户存在异常，需要你点击链接进行验证，你应该怎么做？,10.00,2026-07-27 11:22:46,2026-07-27 11:22:46
1785122566221159,如果您看到网上有预测彩票的广告您会( )?,10.00,2026-07-27 11:22:46,2026-07-27 11:22:46
1785122566221687,设置密码的技巧中，以下哪个说法是错误的（）？,10.00,2026-07-27 11:22:46,2026-07-27 11:22:46
1785122566222381,适当性原则要求金融机构在销售金融产品时，应当考虑投资者的哪方面？,10.00,2026-07-27 11:22:46,2026-07-27 11:22:46
1785122566222952,收到短信，称只要将信用卡账号发给对方就可以帮你升级信用卡额度，你会怎么做？,10.00,2026-07-27 11:22:46,2026-07-27 11:22:46
1785122566223437,"收到自称银行员工的电话,称可以帮你提升信用卡额度，下列哪项操作是正确的?",10.00,2026-07-27 11:22:46,2026-07-27 11:22:46
1785122566223867,收集个人信息，应当限于实现处理目的的（）范围，不得过度手机个人信息。,10.00,2026-07-27 11:22:46,2026-07-27 11:22:46
1785122566224417,手机在浏览网页时，跳出来网络无抵押贷款链接，你会怎么办?,10.00,2026-07-27 11:22:46,2026-07-27 11:22:46
1785122566224832,提高反诈防骗的措施中提到不出售或出租“两卡”指的是银行卡和下列什么证件？,10.00,2026-07-27 11:22:46,2026-07-27 11:22:46
1785122566225388,提供个人身份证件复印件办理各类业务时，应在复印件上注明（ ），以防身份证复印件被移作他用。,10.00,2026-07-27 11:22:46,2026-07-27 11:22:46
1785122566225908,通过哪个银行的个人信用信息服务平台可以查询个人信用报告？,10.00,2026-07-27 11:22:46,2026-07-27 11:22:46
1785122566226238,同学丁某收到陌生电话，称有一款理财产品回报率高，要去银行汇款，银行工作人员怕其上当阻止，丁某应该怎么办？,10.00,2026-07-27 11:22:46,2026-07-27 11:22:46
1785122566226774,同学蒋某收到短信，对方自称其是公安民警说他的银行账号与一中洗黑钱案件有关，需要冻结起银行账号，现在要求蒋某配合调查，需要将其银行卡的钱打入指定账号等调查结束之后，才能将钱还给蒋某，蒋某要怎么做？,10.00,2026-07-27 11:22:46,2026-07-27 11:22:46
1785122566227335,同学李某接到短信，称其参与《奔跑吧兄弟》栏目中了大奖缴纳保证金后即可领奖，他该怎么办？,10.00,2026-07-27 11:22:46,2026-07-27 11:22:46
1785122566227887,同学李某接到一个自称为京东客服的电话，称其注册了网络贷款信息，现需要注销，否则影响其征信，要求其加对方为QQ好友，指导其注销操作，李某该怎么办？,10.00,2026-07-27 11:22:46,2026-07-27 11:22:46
1785122566228475,同学刘某在淘宝网上购物，以后很久都未收到东西和网店客服联系，对方称因为淘宝升级未收到订单，需要重新打款才能发货，刘某该怎么办？,10.00,2026-07-27 11:22:46,2026-07-27 11:22:46
1785122566229026,同学乔某准备在网上买一台iPad，他该如何预防网络购物诈骗？,10.00,2026-07-27 11:22:46,2026-07-27 11:22:46
1785122566229599,同学孙某在游戏平台购买游戏账号，对方称其帐号信用低，要求其先缴纳保证金1000元，孙某应该怎么办？,10.00,2026-07-27 11:22:46,2026-07-27 11:22:46
1785122566230011,同学王某接到一个听口音像是某导师的电话，称其换了电话，要求其第二日在办公室见面，第二日导师电话中称其正与领导谈事情，要王同学打钱给他应急，王同学该怎么办？,10.00,2026-07-27 11:22:46,2026-07-27 11:22:46
1785122566230479,同学王某想长找一份兼职工作，积累社会实践经验，扩大个人收入来源，他不可以干的工作是？,10.00,2026-07-27 11:22:46,2026-07-27 11:22:46
1785122566231032,"同学小刘在网上找赚职时，了解到在淘宝网给商家局信誉的工作非常轻闲,无需押金，更不坐班，每天至少可赚百元以上，小刘下列哪项行为正确？",10.00,2026-07-27 11:22:46,2026-07-27 11:22:46
1785122566231637,同学杨某通过QQ与一女子相恋，被骗8000元，他该怎么办？,10.00,2026-07-27 11:22:46,2026-07-27 11:22:46
1785122566232160,同学张某在淘宝网上购物以后，接到自称客服的电话，对方称因为误操作，将其列为代理商，每月他需要交500元会员费，现要求张某配合退订。张某该怎么办？,10.00,2026-07-27 11:22:46,2026-07-27 11:22:46
1785122566232766,同学朱某在网站找兼职时，看到一则信息，说是给某网站刷信誉，可以赚钱，朱某下列哪项行为正确？,10.00,2026-07-27 11:22:46,2026-07-27 11:22:46
1785122566233225,投保时，以下行为表述正确的是？,10.00,2026-07-27 11:22:46,2026-07-27 11:22:46
1785122566233766,完善打击治理电信网络诈骗和跨境赌博法制保障的主要做法有（）,10.00,2026-07-27 11:22:46,2026-07-27 11:22:46
1785122566234334,王阿姨想学习理财知识，常见的个人理财工具不包括（）,10.00,2026-07-27 11:22:46,2026-07-27 11:22:46
1785122566234874,王某夫妇收到陌生人电话，称有一款理财产品回报率高，便去银行汇款，银行工作人员怕其上当阻止，王某夫妇应该怎么办?,10.00,2026-07-27 11:22:46,2026-07-27 11:22:46
1785122566235310,王某接到保险公司客服电话称其投保的产品根据国家规定需要下架处理，要将保费退回至其个人账户，要求提供个人账户信息与验证码，以下做法错误的是,10.00,2026-07-27 11:22:46,2026-07-27 11:22:46
1785122566235858,王某按照某短信提示网银升级，发现卡内6万元被转走，她该怎么办（ ）,10.00,2026-07-27 11:22:46,2026-07-27 11:22:46
1785122566236392,网购过程中，商家让王女士加好友私聊，给出了优惠的价格。以下哪个说法是对的?,10.00,2026-07-27 11:22:46,2026-07-27 11:22:46
1785122566236826,网上是否能够申请贷款？(),10.00,2026-07-27 11:22:46,2026-07-27 11:22:46
1785122566237280,网上银行消费者可以向确认无误的银行工作人员提供以下哪种密码,10.00,2026-07-27 11:22:46,2026-07-27 11:22:46
1785122566237806,微信收到“微信团队”的安全提示:“您的微信账号在18:06尝试在另一个设备登录，登录设备:XX品牌XX型号”。这时我们应该怎么做,10.00,2026-07-27 11:22:46,2026-07-27 11:22:46
1785122566238234,"微信收到老板发来的信息，称在宴请客户忘带钱包了,让你赶紧给他微信转账1万元，你该怎么办?",10.00,2026-07-27 11:22:46,2026-07-27 11:22:46
1785122566238692,为了用卡安全，下列哪个行为是不当的,10.00,2026-07-27 11:22:46,2026-07-27 11:22:46
1785122566239212,为满足残疾人客户办理业务的基本需要，银行业金融机构营业网点应配备（）,10.00,2026-07-27 11:22:46,2026-07-27 11:22:46
1785122566239753,为营造销售氛围，以下哪些术语可以使用？（ ）,10.00,2026-07-27 11:22:46,2026-07-27 11:22:46
1785122566240267,伪造、变造的人民币由（）统一销毁,10.00,2026-07-27 11:22:46,2026-07-27 11:22:46
1785122566240818,我国《民法典》规定，遗产的第一顺序按照下列顺序继承（）,10.00,2026-07-27 11:22:46,2026-07-27 11:22:46
1785122566241388,我国的中央银行是:,10.00,2026-07-27 11:22:46,2026-07-27 11:22:46
1785122566241896,无需征得消费者同意，即可直接扣划其借记卡内资金，侵害了消费者的(),10.00,2026-07-27 11:22:46,2026-07-27 11:22:46
1785122566242431,下列不属于涉嫌电信网络诈骗的是（）。,10.00,2026-07-27 11:22:46,2026-07-27 11:22:46
1785122566242990,下列不属于涉嫌诈骗的是()。,10.00,2026-07-27 11:22:46,2026-07-27 11:22:46
1785122566243563,下列不属于银行保险机构消费者权益保护应当遵循的原则是（）,10.00,2026-07-27 11:22:46,2026-07-27 11:22:46
1785122566244062,下列行为属于电信网络诈骗的是（）,10.00,2026-07-27 11:22:46,2026-07-27 11:22:46
1785122566244625,下列哪个说法是正确的?,10.00,2026-07-27 11:22:46,2026-07-27 11:22:46
1785122566245030,下列哪项不是常见“套路贷”类型（）,10.00,2026-07-27 11:22:46,2026-07-27 11:22:46
1785122566245567,下列哪个方式不属于理性维权？,10.00,2026-07-27 11:22:46,2026-07-27 11:22:46
1785122566246078,下列哪一项可能影响个人征信(),10.00,2026-07-27 11:22:46,2026-07-27 11:22:46
1785122566246645,下列哪种情况，个人信息处理者不可处理个人信息____。,10.00,2026-07-27 11:22:46,2026-07-27 11:22:46
1785122566247180,下列事故中属于人身意外伤害保险中的保险责任的是( )。,10.00,2026-07-27 11:22:46,2026-07-27 11:22:46
1785122566247706,下列选项不是提高反诈防骗的措施的是？,10.00,2026-07-27 11:22:46,2026-07-27 11:22:46
1785122566248249,下列选项中，不属于敏感个人信息的是（）。,10.00,2026-07-27 11:22:46,2026-07-27 11:22:46
1785122566248859,向金融消费者披露贷款产品利率的方式正确的是,10.00,2026-07-27 11:22:46,2026-07-27 11:22:46
1785122566249409,消费者通过网络交易平台购买商品或者接受服务，其合法权益受到损害的，可以向（）要求赔偿。,10.00,2026-07-27 11:22:46,2026-07-27 11:22:46
1785122566249936,消费者在购买、使用商品和接受服务时享有人身安全、（）安全不受损害的权利。,10.00,2026-07-27 11:22:46,2026-07-27 11:22:46
1785122566250637,消费者在购买金融产品时，发现销售人员存在欺诈行为，应该如何处理？,10.00,2026-07-27 11:22:46,2026-07-27 11:22:46
1785122566251210,消费者在购买理财产品时需承担的义务是,10.00,2026-07-27 11:22:46,2026-07-27 11:22:46
1785122566251874,小红奶奶在买菜，突然接到一个来电，对方称她的电话已经欠费，若不立即联系客服缴费就会停机，下列哪个做法是合理的 ( ),10.00,2026-07-27 11:22:46,2026-07-27 11:22:46
1785122566252374,小李在保险公司办理业务，下列哪项属于敏感个人信息？,10.00,2026-07-27 11:22:46,2026-07-27 11:22:46
1785122566252922,小李最近刚生完宝宝，在家坐月子。某天她接到一个电话，对方自称政府工作人员，能说出她的姓名、生日并知道她刚生了孩子。对方表示，其生育符合国家相关政策，现将发放“生育补贴”2000元。这时小李的哪些做法是正确的？（）,10.00,2026-07-27 11:22:46,2026-07-27 11:22:46
1785122566253555,小牛和家人准备去香港一日游，同事小林说帮忙带10万元人民币过去给亲戚，小牛应该：,10.00,2026-07-27 11:22:46,2026-07-27 11:22:46
1785122566253871,小钱玩网游时，有网友主动求购，对方建议“**平台”交易，双方完成交易后，小钱发现钱到账却无法提现，客服说他银行卡号填错，要充值解冻，小钱该怎么办?,10.00,2026-07-27 11:22:46,2026-07-27 11:22:46
1785122566254490,小杨给妻子购买了重疾险，妻子想把保险受益人指定给他们的子女，但是遭到保险公司拒绝，保险公司侵犯了小杨一家的哪项权益？,10.00,2026-07-27 11:22:46,2026-07-27 11:22:46
1785122566254901,小张在网上购买了一双名牌球鞋，支付完毕后突然收到“淘宝客服”短信，称没有支付成功，需要重新操作。这时小张该怎么做？,10.00,2026-07-27 11:22:46,2026-07-27 11:22:46
1785122566255478,信用卡的还款方式不包括（）,10.00,2026-07-27 11:22:46,2026-07-27 11:22:46
1785122566255975,学生熊某想在游戏里充值，此时他应该怎么办？,10.00,2026-07-27 11:22:46,2026-07-27 11:22:46
1785122566256552,"一个互联网平台，只要消费就能返钱,而且身边亲戚朋友给一点入会费用就能赚取消费的佣金，你会怎么做?",10.00,2026-07-27 11:22:46,2026-07-27 11:22:46
1785122566256996,以下单位中有权对损害消费者合法权益的行为进行社会监督的是（）。,10.00,2026-07-27 11:22:46,2026-07-27 11:22:46
1785122566257586,以下可作为实名证件使用的是（ ?）,10.00,2026-07-27 11:22:46,2026-07-27 11:22:46
1785122566258110,以下哪个行为属于个人信息泄露的风险行为？,10.00,2026-07-27 11:22:46,2026-07-27 11:22:46
1785122566258741,以下哪项不是非法集资常见手段()。,10.00,2026-07-27 11:22:46,2026-07-27 11:22:46
1785122566259304,以下哪项不属于金融市场的功能？,10.00,2026-07-27 11:22:46,2026-07-27 11:22:46
1785122566259849,以下哪项措施不是用于保护消费者个人信息的？,10.00,2026-07-27 11:22:46,2026-07-27 11:22:46
1785122566260409,以下哪些行为可能会导致金融消费者的权益受到侵害？,10.00,2026-07-27 11:22:46,2026-07-27 11:22:46
1785122566261024,以下哪个坏习惯容易导致被诈骗？(),10.00,2026-07-27 11:22:46,2026-07-27 11:22:46
1785122566261479,以下哪些是常见的电信网络诈骗手段？,10.00,2026-07-27 11:22:46,2026-07-27 11:22:46
1785122566261980,以下哪些是电信网络诈骗的高危人群？,10.00,2026-07-27 11:22:46,2026-07-27 11:22:46
1785122566262503,以下哪些是防范电信网络诈骗的有效措施？,10.00,2026-07-27 11:22:46,2026-07-27 11:22:46
1785122566262895,以下哪些是金融机构应该履行的受教育权义务？,10.00,2026-07-27 11:22:46,2026-07-27 11:22:46
1785122566263520,以下哪些是金融机构在销售产品时需要向消费者披露的信息？,10.00,2026-07-27 11:22:46,2026-07-27 11:22:46
1785122566264031,以下哪些是金融消费者权益保护的重要措施？,10.00,2026-07-27 11:22:46,2026-07-27 11:22:46
1785122566264560,以下哪些是年轻人常见的不适当消费行为？,10.00,2026-07-27 11:22:46,2026-07-27 11:22:46
1785122566264961,以下哪些是年轻人适当性消费的表现？,10.00,2026-07-27 11:22:46,2026-07-27 11:22:46
1785122566265459,以下哪种情况可能涉及个人信息泄露？（）,10.00,2026-07-27 11:22:46,2026-07-27 11:22:46
1785122566265904,以下哪种情况下容易受到虚拟货币诈骗？,10.00,2026-07-27 11:22:46,2026-07-27 11:22:46
1785122566266472,因参与非法集资受到的损失，由（）承担。,10.00,2026-07-27 11:22:46,2026-07-27 11:22:46
1785122566266975,银行、支付机构应当对营销宣传内容的（）负责，实际承担的义务不得低于在营销宣传活动中通过广告、资料对金融消费者所承诺的标准。,10.00,2026-07-27 11:22:46,2026-07-27 11:22:46
1785122566267572,银行、支付机构应当根据金融产品或者服务的特性，像金融消费者披露一些重要内容，以下选项中不需要披露的是（ ）,10.00,2026-07-27 11:22:46,2026-07-27 11:22:46
1785122566268110,银行保险机构对在业务活动中收集的公民个人电子信息的做法不对的是____。,10.00,2026-07-27 11:22:46,2026-07-27 11:22:46
1785122566268656,银行保险机构应当充分保障残障人士公平获得金融服务的权利，加快线上渠道（ ）建设，提供更加细致和人性化的服务,10.00,2026-07-27 11:22:46,2026-07-27 11:22:46
1785122566269222,银行发放的理财产品的宣传品上应有明确的风险提示，例如在醒目位置提示消费者(),10.00,2026-07-27 11:22:46,2026-07-27 11:22:46
1785122566269759,银行卡诈骗常见的手段有（ ）,10.00,2026-07-27 11:22:46,2026-07-27 11:22:46
1785122566270273,银行业消费者权益保护工作应遵从（ ）原则，依法维护银行业消费者的合法权益。,10.00,2026-07-27 11:22:46,2026-07-27 11:22:46
1785122566270810,银行应对在个人贷款业务办理过程中获取的个人信息、经营信息等非公开信息保密，未经（? ）同意，不得将上述信息透露给第三人，否则将承担法律责任。,10.00,2026-07-27 11:22:46,2026-07-27 11:22:46
1785122566271365,银行有依法开展代理保险业务( )工作的权利，以及其他依法响应司法协助要求，采取相关行动或措施的权利。,10.00,2026-07-27 11:22:46,2026-07-27 11:22:46
1785122566271882,有人在网上发布新品、二手、海关没收的物品等低价出售、转让信息，以下说法正确的是：(),10.00,2026-07-27 11:22:46,2026-07-27 11:22:46
1785122566272446,在保护个人隐私方面，以下哪个措施是不够安全的？,10.00,2026-07-27 11:22:46,2026-07-27 11:22:46
1785122566273007,在犯罪分子冒充公检法诈骗中，常用的伎俩有（ ）,10.00,2026-07-27 11:22:46,2026-07-27 11:22:46
1785122566273665,在客户明确拒绝投保的情况下，销售人员（ ）继续向客户推销,10.00,2026-07-27 11:22:46,2026-07-27 11:22:46
1785122566274216,在朋友圈看到有兼职刷单的广告，加群后，群主说每刷一单就能赚5元，并给你看了每天发出的返佣截图，让你下单试试看，你该怎么办?,10.00,2026-07-27 11:22:46,2026-07-27 11:22:46
1785122566274654,在消费者购买产品和接受服务之前，银行业金融机构应当主动践行告知义务，实事求是地加强宣传讲解和()。,10.00,2026-07-27 11:22:46,2026-07-27 11:22:46
1785122566275175,遭遇电信网络诈骗后，您应该如何做：（ ),10.00,2026-07-27 11:22:46,2026-07-27 11:22:46
1785122566275511,怎样理解《防范和处置非法集资条例》定义条款中的“向不特定对象吸收资金”所指的不特定对象（）,10.00,2026-07-27 11:22:46,2026-07-27 11:22:46
1785122566276023,赵某在被传销组织的精神洗脑后，为了完成自己的业绩，利用亲情诱惑亲朋投钱的行为（）,10.00,2026-07-27 11:22:46,2026-07-27 11:22:46
1785122566276588,中国人民银行是中华人民共和国的（ ）。,10.00,2026-07-27 11:22:46,2026-07-27 11:22:46
1785122566277123,注销的信用卡处理不正确的是？(),10.00,2026-07-27 11:22:46,2026-07-27 11:22:46
1785122566277614,金融机构在销售金融产品时，不适当的行为包括?,10.00,2026-07-27 11:22:46,2026-07-27 11:22:46
1785122566278215,保险欺诈主要包括( ）。,10.00,2026-07-27 11:22:46,2026-07-27 11:22:46
1785122566278782,不得以任何原因、形式和手段拒绝客户主动投保的（）车险产品。,10.00,2026-07-27 11:22:46,2026-07-27 11:22:46
1785122566279298,"不法分子为吸引群众上当受骗,编造“天上掉馅饼”、“一夜成富翁”的神话，并通过暴利引诱骗取其信任的手段，属于（ ）",10.00,2026-07-27 11:22:46,2026-07-27 11:22:46
1785122566279746,不属于金融消费者维权途径的是（ ）。,10.00,2026-07-27 11:22:46,2026-07-27 11:22:46
1785122566280277,产品推介过程中，要充分揭示产品的相关风险，有效保障消费者的( )。,10.00,2026-07-27 11:22:46,2026-07-27 11:22:46
1785122566280836,承诺高额回报是非法集资的常见手段之一，其手法为：,10.00,2026-07-27 11:22:46,2026-07-27 11:22:46
1785122566281396,电信网络诈骗，是指以( )为目的，利用电信网络技术手段，通过远程、非接触等方式，诈骗公私财物的行为。,10.00,2026-07-27 11:22:46,2026-07-27 11:22:46
1785122566281909,订立保险合同，保险人就保险标的或者被保险人的有关情况提出询问的，投保人（）。,10.00,2026-07-27 11:22:46,2026-07-27 11:22:46
1785122566282512,多元纠纷化解机制不包括（）,10.00,2026-07-27 11:22:46,2026-07-27 11:22:46
1785122566283048,"发现数据泄露风险,以下做法错误的是____。",10.00,2026-07-27 11:22:46,2026-07-27 11:22:46
1785122566283620,风险匹配原则是指商业银行只能向客户销售风险评级（ ）其风险承受能力评级的理财产品。,10.00,2026-07-27 11:22:46,2026-07-27 11:22:46
1785122566284187,个人金融信息包括以下内容除了（）,10.00,2026-07-27 11:22:46,2026-07-27 11:22:46
1785122566284849,个人信息的处理包括个人信息的收集、（ ）、使用、加工、传输、提供、公开、删除等。,10.00,2026-07-27 11:22:46,2026-07-27 11:22:46
1785122566285420,金融机构产品风险等级应由低到高至少分为五级。,10.00,2026-07-27 11:22:46,2026-07-27 11:22:46
1785122566285730,金融机构可以将销售业绩作为销售人员的唯一考核指标。,10.00,2026-07-27 11:22:46,2026-07-27 11:22:46
1785122566286037,客户拒绝提供必要信息时，金融机构可以拒绝销售产品。,10.00,2026-07-27 11:22:46,2026-07-27 11:22:46
1785122566286380,个人信息主体有权每年两次免费获取本人的信用报告。,10.00,2026-07-27 11:22:46,2026-07-27 11:22:46
1785122566286691,信用卡逾期后注销就可以抹去不良信用记录。,10.00,2026-07-27 11:22:46,2026-07-27 11:22:46
1785122566287000,银行保险机构可以允许第三方合作机构在营业网点或者自营网络平台以银行保险机构的名义向消费者推介或者销售产品和服务。,10.00,2026-07-27 11:22:46,2026-07-27 11:22:46
1785122566287362,银行因业务需要收集消费者个人金融信息，无需取得消费者同意。（）,10.00,2026-07-27 11:22:46,2026-07-27 11:22:46
1785122566287689,某快递公司为提高配送效率，在未告知收件人且未取得同意的情况下，将收件人的姓名、电话、收货地址等信息共享给合作的生鲜电商用于精准营销，该行为符合《中华人民共和国个人信息保护法》规定。（ ）,10.00,2026-07-27 11:22:46,2026-07-27 11:22:46
1785122566288043,金融机构可以向无民事行为能力人销售或者交易产品。,10.00,2026-07-27 11:22:46,2026-07-27 11:22:46
1785122566288408,客户应当在了解产品，听取金融机构适当性匹配意见的基础上，根据自身情况自主选择、审慎决策，并承担风险。,10.00,2026-07-27 11:22:46,2026-07-27 11:22:46
1785122566288735,组织、策划、实施、参与电信网络诈骗活动或者为电信网络诈骗活动提供帮助，构成犯罪的，依法追究刑事责任。,10.00,2026-07-27 11:22:46,2026-07-27 11:22:46
1785122566289116,保险公司对于投保人的个人信息，应当予以保密。,10.00,2026-07-27 11:22:46,2026-07-27 11:22:46
1785122566289470,非法集资的参与者可以得到全额本金返还。,10.00,2026-07-27 11:22:46,2026-07-27 11:22:46
1785122566289778,根据《中华人民共和国个人信息保护法》，个人信息的保存期限没有统一规定，可由处理者根据业务需要自行决定。,10.00,2026-07-27 11:22:46,2026-07-27 11:22:46
1785122566290111,将银行账户借给朋友使用不会产生法律风险。,10.00,2026-07-27 11:22:46,2026-07-27 11:22:46
1785122566290441,非法集资，是指未经国务院金融管理部门依法许可或者违反国家金融管理规定，以许诺还本付息或者给予其他投资回报等方式，向特定对象吸收资金的行为。,10.00,2026-07-27 11:22:46,2026-07-27 11:22:46
1785122566290753,除国家另有规定外，任何单位和个人不得发布包含集资内容的广告或者以其他方式向社会公众进行集资宣传。,10.00,2026-07-27 11:22:46,2026-07-27 11:22:46
1785122566291060,银行保险机构收集消费者个人信息应当向消费者告知收集使用的目的、方式和范围等规则，并经消费者同意，法律法规另有规定的除外。消费者不同意的，银行保险机构应当拒绝提供不依赖于其所拒绝授权信息的金融产品或服务。,10.00,2026-07-27 11:22:46,2026-07-27 11:22:46
1785122566291411,银行保险机构通过线上渠道使用格式条款获取个人信息授权的，可以设置默认同意的选项。,10.00,2026-07-27 11:22:46,2026-07-27 11:22:46
1785122566291717,银行保险机构应当加强从业人员行为管理，禁止违规查询、下载、复制、存储、篡改消费者个人信息。,10.00,2026-07-27 11:22:46,2026-07-27 11:22:46
1785122566292021,消费者有权每年免费查询个人信用报告2次。,10.00,2026-07-27 11:22:46,2026-07-27 11:22:46
1785122566292359,征信机构可以未经同意向第三方提供个人信用报告。,10.00,2026-07-27 11:22:46,2026-07-27 11:22:46
1785122566292671,遇到“冒充公检法”要求转账的电话，应立即按对方要求操作，以免被处罚。,10.00,2026-07-27 11:22:46,2026-07-27 11:22:46
1785122566292984,根据《金融机构产品适当性管理办法》，金融机构可以委托第三方机构代为完成投资者风险承受能力评估。,10.00,2026-07-27 11:22:46,2026-07-27 11:22:46
1785122566293311,根据《金融机构产品适当性管理办法》要求，保险产品也需进行分类分级管理，并与销售人员资质分级相衔接。,10.00,2026-07-27 11:22:46,2026-07-27 11:22:46
1785122566293634,根据《金融机构产品适当性管理办法》要求，投资者拒绝提供必要信息的，金融机构可直接拒绝销售，但无需告知后果。,10.00,2026-07-27 11:22:46,2026-07-27 11:22:46
1785122566293940,《银行业保险业消费投诉处理管理办法》要求，银行保险机构应在官方网站首页设置消费投诉板块，并保持链接有效。,10.00,2026-07-27 11:22:46,2026-07-27 11:22:46
1785122566294352,《银行业保险业消费投诉处理管理办法》规定，银行保险机构对于事实清楚、争议简单的投诉，应当自收到之日起 15 日内作出处理决定。,10.00,2026-07-27 11:22:46,2026-07-27 11:22:46
1785122566294700,风险测评问卷可以由金融机构员工代客户填写，以提高效率。,10.00,2026-07-27 11:22:46,2026-07-27 11:22:46
1785122566295003,保险销售宣传内容必须与保险合同条款完全一致。,10.00,2026-07-27 11:22:46,2026-07-27 11:22:46
1785122566295326,保险公司必须建立小额理赔案件快速处理机制，并简化理赔手续以减少不必要的材料？,10.00,2026-07-27 11:22:46,2026-07-27 11:22:46
1785122566295660,保险公司在销售保险产品时，必须明确区分保险产品与其他金融产品，并标明其保险性质？,10.00,2026-07-27 11:22:46,2026-07-27 11:22:46
1785122566295992,保险公司可以允许销售人员夸大产品功能，以促进销售业绩？,10.00,2026-07-27 11:22:46,2026-07-27 11:22:46
1785122566296324,非法集资人是指发起、主导或者组织实施非法集资的单位和个人？,10.00,2026-07-27 11:22:46,2026-07-27 11:22:46
1785122566296716,银行保险机构在贷款类产品中必须明示年化利率？,10.00,2026-07-27 11:22:46,2026-07-27 11:22:46
1785122566297037,银行保险机构向消费者提供产品时，必须使用专业术语与通俗用语结合，以确保信息披露的准确性，理解性？,10.00,2026-07-27 11:22:46,2026-07-27 11:22:46
1785122566297433,投保人可以为配偶、子女或父母购买适用个人所得税优惠政策的商业健康保险，并享受税收优惠？,10.00,2026-07-27 11:22:46,2026-07-27 11:22:46
1785122566297764,保险公司可以拒绝为70岁及以上老年人或患有慢性病的群体提供保险保障？,10.00,2026-07-27 11:22:46,2026-07-27 11:22:46
1785122566298159,金融机构在提供金融服务时，可以强制要求老年人使用银行卡或自助设备办理业务？,10.00,2026-07-27 11:22:46,2026-07-27 11:22:46
1785122566298644,金融机构在向老年人销售金融产品时，无需进行风险承受能力评估和风险提示？,10.00,2026-07-27 11:22:46,2026-07-27 11:22:46
1785122566298958,任何单位和个人都应当爱护人民币，禁止损害人民币和妨碍人民币流通。,10.00,2026-07-27 11:22:46,2026-07-27 11:22:46
1785122566299380,金融机构可以将残缺、污损的人民币对外支付。,10.00,2026-07-27 11:22:46,2026-07-27 11:22:46
1785122566299712,中国人民银行可以将停止流通的人民币支付给金融机构。,10.00,2026-07-27 11:22:46,2026-07-27 11:22:46
1785122566300019,机动车交通事故责任强制保险的保险标志可以伪造或变造。,10.00,2026-07-27 11:22:46,2026-07-27 11:22:46
1785122566300359,机动车交通事故责任强制保险的赔偿责任限额全国统一。,10.00,2026-07-27 11:22:46,2026-07-27 11:22:46
1785122566300676,根据《储蓄管理条例》，任何单位和个人不得将公款以个人名义转为储蓄存款。,10.00,2026-07-27 11:22:46,2026-07-27 11:22:46
1785122566300982,根据《储蓄管理条例》，储蓄机构可以使用不正当手段吸收储蓄存款。,10.00,2026-07-27 11:22:46,2026-07-27 11:22:46
1785122566301306,根据《储蓄管理条例》，储蓄机构可以随意变动储蓄存款利率。,10.00,2026-07-27 11:22:46,2026-07-27 11:22:46
1785122566301616,根据《储蓄管理条例》，储蓄机构可以代任何单位和个人查询、冻结或者划拨储蓄存款。,10.00,2026-07-27 11:22:46,2026-07-27 11:22:46
1785122566301911,录音录像需征得消费者同意，否则不能销售产品。,10.00,2026-07-27 11:22:46,2026-07-27 11:22:46
1785122566302234,商业银行可以宣传理财产品的预期收益率。,10.00,2026-07-27 11:22:46,2026-07-27 11:22:46
1785122566302572,商业银行可以将理财产品财产归入自有资产进行清算。,10.00,2026-07-27 11:22:46,2026-07-27 11:22:46
1785122566302877,保险公司可以强制客户购买与保险产品捆绑的健康管理服务。,10.00,2026-07-27 11:22:46,2026-07-27 11:22:46
1785122566303192,金融机构必须在公开渠道展示汽车贷款产品的年化利率及费率。,10.00,2026-07-27 11:22:46,2026-07-27 11:22:46
1785122566303520,保险销售从业人员可代为签署投保提示书。,10.00,2026-07-27 11:22:46,2026-07-27 11:22:46
1785122566303855,互联网保险产品可销售超出保险公司业务范围的险种。,10.00,2026-07-27 11:22:46,2026-07-27 11:22:46
1785122566304197,银行业金融机构可以为未满18岁的在校大学生提供贷款服务。,10.00,2026-07-27 11:22:46,2026-07-27 11:22:46
1785122566304514,银行业金融机构在校园内开展线下营销活动需提前向教育机构报备并取得同意。,10.00,2026-07-27 11:22:46,2026-07-27 11:22:46
1785122566304822,对于不同意报送信贷信息的大学生，放贷机构仍可向其发放贷款。,10.00,2026-07-27 11:22:46,2026-07-27 11:22:46
1785122566305216,商业银行服务价格信息披露需在网站主页和营业场所醒目位置公示。,10.00,2026-07-27 11:22:46,2026-07-27 11:22:46
1785122566305562,客户不接受服务价格的，商业银行不得强制或变相强制其接受服务。?,10.00,2026-07-27 11:22:46,2026-07-27 11:22:46
1785122566305857,商业银行服务价格投诉管理制度需明确处理期限，确保及时处理客户投诉。,10.00,2026-07-27 11:22:46,2026-07-27 11:22:46
1785122566308949,依据《银行保险机构消费者权益保护管理办法》，银行保险机构不得从贷款本金中预先扣除什么？,10.00,2026-07-27 11:22:46,2026-07-27 11:22:46
1785122566309667,《银行保险机构消费者权益保护管理办法》规定，银行保险机构不得在格式合同中不合理地加重谁的责任？,10.00,2026-07-27 11:22:46,2026-07-27 11:22:46
1785122566310258,处理不满十四周岁未成年人个人信息的，应当取得谁的同意？,10.00,2026-07-27 11:22:46,2026-07-27 11:22:46
1785122566310812,根据我国个人信息保护相关法律规定，处理个人信息应当遵循 “最小必要” 原则，即收集信息应仅限于实现处理目的的最小范围，不得过度收集。这一要求的核心法律依据是（ ）？,10.00,2026-07-27 11:22:46,2026-07-27 11:22:46
1785122566311365,根据我国专门防范电信网络诈骗的法律规定，以下哪种行为是明确被禁止的？（ ）,10.00,2026-07-27 11:22:46,2026-07-27 11:22:46
1785122566311860,根据《商业银行法》，商业银行办理个人储蓄存款业务，应当遵循的原则是（ ）。,10.00,2026-07-27 11:22:46,2026-07-27 11:22:46
1785122566312392,保险公司在订立保险合同时，应当向投保人说明合同的内容，这体现了保险消费者的（ ）。,10.00,2026-07-27 11:22:46,2026-07-27 11:22:46
1785122566313090,根据《金融机构产品适当性管理办法》，金融机构在推介、销售或交易过程中，以下哪种行为是被禁止的？,10.00,2026-07-27 11:22:46,2026-07-27 11:22:46
1785122566313710,根据《金融机构产品适当性管理办法》，金融机构在销售产品时应如何管理销售人员资质？,10.00,2026-07-27 11:22:46,2026-07-27 11:22:46
1785122566314267,金融机构积极组织或参与金融知识普及活动，帮助金融消费者提高对金融产品和服务的认知能力及自我保护能力，提升金融消费者金融素养和诚实守信意识。属于保障金融消费者的（ ）。,10.00,2026-07-27 11:22:46,2026-07-27 11:22:46
1785122566314863,金融机构履行金融消费者投诉处理主体责任，在机构内部建立多层级投诉处理机制，完善投诉处理程序，建立投诉办理情况查询系统，提高金融消费者投诉处理质量和效率，接受社会监督。属于保障金融消费者的（ ）。,10.00,2026-07-27 11:22:46,2026-07-27 11:22:46
1785122566315488,金融机构在格式合同中加重金融消费者责任、限制或者排除金融消费者合法权利，限制金融消费者寻求法律救济途径，减轻、免除本机构损害金融消费者合法权益应当承担的民事责任。这属于侵害金融消费者的（ ）。,10.00,2026-07-27 11:22:46,2026-07-27 11:22:46
1785122566316050,金融机构在法律法规和监管规定允许范围内，充分尊重金融消费者意愿，由消费者自主选择、自行决定是否购买金融产品或接受金融服务。属于保障金融消费者的（ ）。,10.00,2026-07-27 11:22:46,2026-07-27 11:22:46
1785122566316756,金融机构以通俗易懂的语言，及时、真实、准确、全面地向金融消费者披露可能影响其决策的信息，充分提示风险。属于保障金融消费者的（ ）。,10.00,2026-07-27 11:22:46,2026-07-27 11:22:46
1785122566317450,金融机构审慎经营，采取严格的内控措施和科学的技术监控手段，严格区分机构自身资产与客户资产，不挪用、占用客户资金。属于保障金融消费者的（ ）。,10.00,2026-07-27 11:22:46,2026-07-27 11:22:46
1785122566318124,根据《保险销售行为管理办法》，以下哪类机构或个人不得从事保险销售行为？（????）,10.00,2026-07-27 11:22:46,2026-07-27 11:22:46
1785122566318805,《存款保险条例》规定，存款保险实行限额偿付，最高偿付限额为人民币（ ）万元。,10.00,2026-07-27 11:22:46,2026-07-27 11:22:46
1785122566319529,根据《银行业保险业消费投诉处理管理办法》，对于事实清楚、争议情况简单的消费投诉，银行保险机构应当自收到消费投诉之日起（ ）日内作出处理决定并告知投诉人。,10.00,2026-07-27 11:22:46,2026-07-27 11:22:46
1785122566320024,遇到“冒充公检法”要求转账到“安全账户”的电话，正确的做法,10.00,2026-07-27 11:22:46,2026-07-27 11:22:46
1785122566320574,以下哪种行为不属于非法集资的常见特征？,10.00,2026-07-27 11:22:46,2026-07-27 11:22:46
1785122566321065,金融机构在向客户销售产品前，需根据客户的风险承受能力推荐匹配产品，这体现了（）的要求。,10.00,2026-07-27 11:22:46,2026-07-27 11:22:46
1785122566321618,个人身份证号、银行卡号、支付密码等信息属于（），受法律严格保护。,10.00,2026-07-27 11:22:46,2026-07-27 11:22:46
1785122566322123,某公司以“投资虚拟货币，保本高收益”为噱头募资，该行为可能涉嫌（）。,10.00,2026-07-27 11:22:46,2026-07-27 11:22:46
1785122566322645,金融机构向客户销售高风险理财产品时，客户应当（）。,10.00,2026-07-27 11:22:46,2026-07-27 11:22:46
1785122566323125,以下哪种个人信息泄露途径最常见？,10.00,2026-07-27 11:22:46,2026-07-27 11:22:46
1785122566323820,面对“刷单返利”的网络邀请，正确的做法是（）。,10.00,2026-07-27 11:22:46,2026-07-27 11:22:46
1785122566324503,"接到自称""公安机关""的电话，称您涉嫌洗钱犯罪，需将资金转入""安全账户""配合调查，正确的应对方式是？",10.00,2026-07-27 11:22:46,2026-07-27 11:22:46
1785122566325063,人身保险的受益人由谁指定（）,10.00,2026-07-27 11:22:46,2026-07-27 11:22:46
1785122566325611,金融机构向金融消费者提供金融产品或服务时，应遵循（）原则，不得设置违反公平原则的交易条件。,10.00,2026-07-27 11:22:46,2026-07-27 11:22:46
1785122566326128,“双录”制度是指金融机构在销售理财、保险等关键产品时，必须实施（ ）,10.00,2026-07-27 11:22:46,2026-07-27 11:22:46
1785122566326680,下列哪类产品不得向风险承受能力最低类别的投资者销售？（ ）,10.00,2026-07-27 11:22:46,2026-07-27 11:22:46
1785122566327203,保险销售中，保险人必须对保险合同中的（ ）条款向投保人进行明确说明，否则该条款可能不产生效力。,10.00,2026-07-27 11:22:46,2026-07-27 11:22:46
1785122566327736,保险公司处理投诉应建立的渠道包括？,10.00,2026-07-27 11:22:46,2026-07-27 11:22:46
1785122566328261,?根据通知要求，保险公司在销售保险产品时，应如何确保宣传内容的准确性？,10.00,2026-07-27 11:22:46,2026-07-27 11:22:46
1785122566328864,在互联网保险业务管理中，保险公司应如何确保销售服务质量？,10.00,2026-07-27 11:22:46,2026-07-27 11:22:46
1785122566329486,金融机构对老年消费者提供的服务要求不包括？,10.00,2026-07-27 11:22:46,2026-07-27 11:22:46
1785122566330043,金融机构开展营销宣传时，禁止使用的表述是？,10.00,2026-07-27 11:22:46,2026-07-27 11:22:46
1785122566330659,金融机构向消费者提供服务的合同文本应当以哪种语言书写？,10.00,2026-07-27 11:22:46,2026-07-27 11:22:46
1785122566331237,金融机构对消费者风险承受能力评估的有效期是？,10.00,2026-07-27 11:22:46,2026-07-27 11:22:46
1785122566331809,金融机构对消费者投诉的受理方式不包括？,10.00,2026-07-27 11:22:46,2026-07-27 11:22:46
1785122566332388,金融机构对残障消费者需提供的便利服务是？,10.00,2026-07-27 11:22:46,2026-07-27 11:22:46
1785122566332900,经营者造成消费者人身伤害时，无需赔偿以下哪项费用？,10.00,2026-07-27 11:22:46,2026-07-27 11:22:46
1785122566333483,以下哪项不属于消费者依法享有的权利？,10.00,2026-07-27 11:22:46,2026-07-27 11:22:46
1785122566333989,经营者使用“最终解释权归本店所有”条款是否合法？,10.00,2026-07-27 11:22:46,2026-07-27 11:22:46
1785122566334593,经营者提供商品时，下列哪种行为侵犯消费者知情权？,10.00,2026-07-27 11:22:46,2026-07-27 11:22:46
1785122566335136,经营者提供商品时，下列哪种行为不构成欺诈？,10.00,2026-07-27 11:22:46,2026-07-27 11:22:46
1785122566335722,经营者使用“售出商品概不退换”条款是否合法？,10.00,2026-07-27 11:22:46,2026-07-27 11:22:46
1785122566336248,经营者通过格式条款排除消费者权利，该条款效力如何？,10.00,2026-07-27 11:22:46,2026-07-27 11:22:46
1785122566336760,经营者提供商品时，未明码标价的行为侵犯了消费者哪项权利？,10.00,2026-07-27 11:22:46,2026-07-27 11:22:46
1785122566337332,以下哪项属于敏感个人信息？,10.00,2026-07-27 11:22:46,2026-07-27 11:22:46
1785122566337852,商业银行办理个人储蓄存款业务的原则不包括？,10.00,2026-07-27 11:22:46,2026-07-27 11:22:46
1785122566338389,商业银行的营业时间是否需要公告？,10.00,2026-07-27 11:22:46,2026-07-27 11:22:46
1785122566338905,被保险人故意犯罪导致伤残，保险人的责任是？,10.00,2026-07-27 11:22:46,2026-07-27 11:22:46
1785122566339503,银行业金融机构在营销产品和服务时应遵循什么原则？,10.00,2026-07-27 11:22:46,2026-07-27 11:22:46
1785122566340044,银行业金融机构在处理消费者投诉时应如何做？,10.00,2026-07-27 11:22:46,2026-07-27 11:22:46
1785122566340615,根据《中华人民共和国人民币管理条例》，人民币的单位为：,10.00,2026-07-27 11:22:46,2026-07-27 11:22:46
1785122566341142,办理人民币存取款业务的金融机构应当：,10.00,2026-07-27 11:22:46,2026-07-27 11:22:46
1785122566341666,根据《机动车交通事故责任强制保险条例》，机动车交通事故责任强制保险的投保对象是：,10.00,2026-07-27 11:22:46,2026-07-27 11:22:46
1785122566342208,机动车交通事故责任强制保险的保险期间为多少年？,10.00,2026-07-27 11:22:46,2026-07-27 11:22:46
1785122566342751,机动车交通事故责任强制保险的保险标志：,10.00,2026-07-27 11:22:46,2026-07-27 11:22:46
1785122566343277,根据《储蓄管理条例》，以下哪项属于储蓄的定义？,10.00,2026-07-27 11:22:46,2026-07-27 11:22:46
1785122566343863,根据《储蓄管理条例》，储蓄机构办理储蓄业务必须遵循的原则是：,10.00,2026-07-27 11:22:46,2026-07-27 11:22:46
1785122566344418,根据《储蓄管理条例》，以下哪项属于储户的合法权益？,10.00,2026-07-27 11:22:46,2026-07-27 11:22:46
1785122566344947,《银行业金融机构销售专区录音录像管理暂行规定》中“双录”是指什么？,10.00,2026-07-27 11:22:46,2026-07-27 11:22:46
1785122566345532,自助终端购买产品时，销售人员是否可以代客操作？,10.00,2026-07-27 11:22:46,2026-07-27 11:22:46
1785122566346046,长期睡眠信用卡数量占本机构总发卡数量的比例在任何时点均不得超过多少？,10.00,2026-07-27 11:22:46,2026-07-27 11:22:46
1785122566346581,信用卡交易信息需包含的内容不包括以下哪项？,10.00,2026-07-27 11:22:46,2026-07-27 11:22:46
1785122566347085,《反保险欺诈工作办法》的制定依据不包括以下哪项？,10.00,2026-07-27 11:22:46,2026-07-27 11:22:46
1785122566347637,保险销售从业人员必须出示的有效身份证明不包括以下哪项？,10.00,2026-07-27 11:22:46,2026-07-27 11:22:46
1785122566348172,大学生申请贷款时，放贷机构需获取哪类人的书面担保材料作为第二还款来源？,10.00,2026-07-27 11:22:46,2026-07-27 11:22:46
1785122566348753,以下哪项不属于高校应开展的金融教育工作？,10.00,2026-07-27 11:22:46,2026-07-27 11:22:46
1785122566349355,保险销售行为应遵循的原则不包括以下哪项？,10.00,2026-07-27 11:22:46,2026-07-27 11:22:46
1785122566349923,服务收费需“明码标价”体现了以下哪项原则？,10.00,2026-07-27 11:22:46,2026-07-27 11:22:46
1785122566350554,银行业金融机构的收费项目应确保客户了解充分信息，这体现了哪项原则？,10.00,2026-07-27 11:22:46,2026-07-27 11:22:46
1785122566351060,商业银行服务价格信息披露的渠道不包括以下哪种？,10.00,2026-07-27 11:22:46,2026-07-27 11:22:46
1785122566351607,个人柜台查询自身信用报告，每年可免费查询的次数是多少次？,10.00,2026-07-27 11:22:46,2026-07-27 11:22:46
1785122566352149,根据《银行保险机构消费者权益保护管理办法》，银行保险机构开展金融知识教育宣传，不得通过以下哪一种方式？,10.00,2026-07-27 11:22:46,2026-07-27 11:22:46
