题目：,考核点（请填报统一考核点内容）：,难度：,试题解析：（请填报题目涉及的制度原文+制度名称及第x条）,正确答案,,,,,
金融机构产品风险等级应由低到高至少分为五级。,适当性管理,易,“产品风险等级由低到高至少包括一级至五级。”——《金融机构产品适当性管理办法》第二十二条,正确,,,,,
金融机构可以将销售业绩作为销售人员的唯一考核指标。,适当性管理,易,“金融机构应当构建科学合理的销售人员激励约束机制，考核标准应当包括但不限于销售行为和程序的合规性、客户投诉情况等，不得以销售业绩作为唯一考核标准。”——《金融机构产品适当性管理办法》第十六条,错误,,,,,
客户拒绝提供必要信息时，金融机构可以拒绝销售产品。,适当性管理,易,“客户应当遵守诚实信用原则，真实、准确、完整地提供购买产品所必需的信息。客户拒绝按照上述要求提供信息的，金融机构可以拒绝向销售或者与其交易该产品。”——《金融机构产品适当性管理办法》第十条,正确,,,,,
个人信息主体有权每年两次免费获取本人的信用报告。,个人信息保护,易,《征信业管理条例》第十七条明确，个人信息主体有权每年两次免费向征信机构查询自身信用报告。选项内容与条例原文表述一致。,正确,,,,,
信用卡逾期后注销就可以抹去不良信用记录。,金融基础知识,易,信用卡逾期记录一旦产生，会保留在个人征信报告中，不会因注销信用卡而消除。《征信业管理条例》第十六条规定，不良信息自不良行为或事件终止之日起保存5年。逾期后注销卡片无法改变已存在的信用记录，反而可能影响后续信用修复。征信系统记录的是账户状态和还款历史，与卡片是否注销无关。,错误,,,,,
银行保险机构可以允许第三方合作机构在营业网点或者自营网络平台以银行保险机构的名义向消费者推介或者销售产品和服务。,综合类,易,银行保险机构不得允许第三方合作机构在营业网点或者自营网络平台以银行保险机构的名义向消费者推介或者销售产品和服务。--《银行保险机构消费者权益保护管理办法》（银保监9号令）第二十五条,错误,,,,,
银行因业务需要收集消费者个人金融信息，无需取得消费者同意。（）,个人信息保护,易,"“处理个人信息应当取得个人同意，法律、行政法规另有规定的除外。金融机构收集个人金融信息，属于处理个人信息范畴，应当遵循合法、正当、必要原则，事先取得消费者明确同意，方可收集”。
－《中华人民共和国个人信息保护法》，第13条",错误,,,,,
处理个人信息应当遵循公开、透明原则，公开个人信息处理规则，明示处理的目的、方式和范围。,个人信息保护,易,《中华人民共和国个人信息保护法》第七条 处理个人信息应当遵循公开、透明原则，公开个人信息处理规则，明示处理的目的、方式和范围。,正确,,,,,
某快递公司为提高配送效率，在未告知收件人且未取得同意的情况下，将收件人的姓名、电话、收货地址等信息共享给合作的生鲜电商用于精准营销，该行为符合《中华人民共和国个人信息保护法》规定。（ ）,个人信息保护,易,个人信息处理者向其他个人信息处理者提供其处理的个人信息的，应当向个人告知接收方的名称或者姓名、联系方式、处理目的、处理方式和个人信息的种类，并取得个人的单独同意；接收方应当在上述范围内处理个人信息。-《中华人民共和国个人信息保护法》第二十三条,错误,,,,,
金融机构可以向无民事行为能力人销售或者交易产品。,适当性管理,易,"“金融机构不得向无民事行为能力人销售或者与其交易产品。经法定代理人同意，可以向限制民事行为能力人销售或者与其交易低风险产品。”
——《金融机构产品适当性管理办法》第十九条",错误,,,,,
客户应当在了解产品，听取金融机构适当性匹配意见的基础上，根据自身情况自主选择、审慎决策，并承担风险。,适当性管理,易,"客户应当在了解产品，听取金融机构适当性匹配意见的基础上，根据自身情况自主选择、审慎决策，并承担风险。
——《金融机构产品适当性管理办法》第五条",正确,,,,,
组织、策划、实施、参与电信网络诈骗活动或者为电信网络诈骗活动提供帮助，构成犯罪的，依法追究刑事责任。,反诈防骗,易,"组织、策划、实施、参与电信网络诈骗活动或者为电信网络诈骗活动提供帮助，构成犯罪的，依法追究刑事责任。
——《中华人民共和国反电信网络诈骗法》第三十八条",正确,,,,,
保险公司对于投保人的个人信息，应当予以保密。,个人信息保护,易,"""保险公司及其工作人员在保险业务活动中不得泄露在业务活动中知悉的投保人、被保险人的商业秘密和个人隐私。""
——《中华人民共和国保险法》第一百一十六条",正确,,,,,
非法集资的参与者可以得到全额本金返还。,非法集资,易,“因参与非法集资受到的损失，由集资参与人自行承担。”——《防范和处置非法集资条例》第25条,错误,,,,,
根据《中华人民共和国个人信息保护法》，个人信息的保存期限没有统一规定，可由处理者根据业务需要自行决定。,个人信息保护,易,此说法错误。《中华人民共和国个人信息保护法》第十九条明确规定，个人信息的保存期限应当为实现处理目的所必要的最短时间。法律对保存期限有严格的“最短必要”原则，并非由处理者任意决定。,错误,,,,,
将银行账户借给朋友使用不会产生法律风险。,金融基础知识,易,“出租、出借银行账户属于违法行为。”——《人民币银行结算账户管理办法》第六十五条,错误,,,,,
非法集资，是指未经国务院金融管理部门依法许可或者违反国家金融管理规定，以许诺还本付息或者给予其他投资回报等方式，向特定对象吸收资金的行为。,非法集资,易,"“本条例所称非法集资，是指未经国务院金融管理部门依法许可或者违反国家金融管理规定，以许诺还本付息或者给予其他投资回报等方式，向不特定对象吸收资金的行为。”
——《防范和处置非法集资条例》第二条第一款",错误,,,,,
除国家另有规定外，任何单位和个人不得发布包含集资内容的广告或者以其他方式向社会公众进行集资宣传。,非法集资,易,"“除国家另有规定外，任何单位和个人不得发布包含集资内容的广告或者以其他方式向社会公众进行集资宣传。”
——《防范和处置非法集资条例》第十一条",正确,,,,,
银行保险机构收集消费者个人信息应当向消费者告知收集使用的目的、方式和范围等规则，并经消费者同意，法律法规另有规定的除外。消费者不同意的，银行保险机构应当拒绝提供不依赖于其所拒绝授权信息的金融产品或服务。,个人信息保护,易,"“银行保险机构收集消费者个人信息应当向消费者告知收集使用的目的、方式和范围等规则，并经消费者同意，法律法规另有规定的除外。消费者不同意的，银行保险机构不得因此拒绝提供不依赖于其所拒绝授权信息的金融产品或服务。
银行保险机构不得采取变相强制、违规购买等不正当方式收集使用消费者个人信息。”
——《银行保险机构消费者权益保护管理办法》第四十三条",错误,,,,,
银行保险机构通过线上渠道使用格式条款获取个人信息授权的，可以设置默认同意的选项。,个人信息保护,易,"“对于使用书面形式征求个人信息处理同意的，银行保险机构应当以醒目的方式、清晰易懂的语言明示与消费者存在重大利害关系的内容。
银行保险机构通过线上渠道使用格式条款获取个人信息授权的，不得设置默认同意的选项。”
——《银行保险机构消费者权益保护管理办法》第四十四条",错误,,,,,
银行保险机构应当加强从业人员行为管理，禁止违规查询、下载、复制、存储、篡改消费者个人信息。,个人信息保护,易,"“银行保险机构应当加强从业人员行为管理，禁止违规查询、下载、复制、存储、篡改消费者个人信息。从业人员不得超出自身职责和权限非法处理和使用消费者个人信息。”
——《银行保险机构消费者权益保护管理办法》第四十八条",正确,,,,,
收集个人信息，应当限于实现处理目的的最小范围，不得过度收集个人信息。,个人信息保护,易,"“处理个人信息应当具有明确、合理的目的，并应当与处理目的直接相关，采取对个人权益影响最小的方式。
收集个人信息，应当限于实现处理目的的最小范围，不得过度收集个人信息。”
——《中华人民共和国个人信息保护法》第六条",正确,,,,,
消费者有权每年免费查询个人信用报告2次。,金融基础知识,易,“个人每年有权免费查询本人信用报告2次。”——《征信业管理条例》第十七条,正确,,,,,
征信机构可以未经同意向第三方提供个人信用报告。,金融基础知识,易,“征信机构提供信用报告应当取得信息主体同意。”——《征信业管理条例》第十八条,错误,,,,,
遇到“冒充公检法”要求转账的电话，应立即按对方要求操作，以免被处罚。,反诈防骗,易,“冒充公检法”转账是典型电信诈骗，公检法机关不会通过电话要求转账，也不存在“不转账就处罚”的情况。正确做法是挂断电话并拨打110核实，按对方要求操作会导致财产损失。,错误,,,,,
根据《金融机构产品适当性管理办法》，金融机构可以委托第三方机构代为完成投资者风险承受能力评估。,适当性管理,易,"“金融机构在推介、销售或者交易过程中，禁止下列行为：（一）代替客户进行评估……”
——国家金融监督管理总局2025年8月发布的《金融机构产品适当性管理办法》第三章第十三条。",错误,,,,,
根据《金融机构产品适当性管理办法》要求，保险产品也需进行分类分级管理，并与销售人员资质分级相衔接。,适当性管理,易,"“金融机构销售保险产品的，应当综合考虑以下因素，对保险产品进行分类分级……建立保险销售资质分级管理体系……实行差别授权。”
“金融机构在推介、销售或者交易过程中，禁止下列行为：（一）代替客户进行评估……”
——国家金融监督管理总局2025年8月发布的《金融机构产品适当性管理办法》第三章第三十二条、第三十三条。",正确,,,,,
根据《金融机构产品适当性管理办法》要求，投资者拒绝提供必要信息的，金融机构可直接拒绝销售，但无需告知后果。,适当性管理,易,"“客户拒绝按照上述要求提供信息的，金融机构可以拒绝向其销售或者与其交易该产品，并应当告知后果。”
——国家金融监督管理总局2025年8月发布的《金融机构产品适当性管理办法》第二章第十条。",错误,,,,,
《银行业保险业消费投诉处理管理办法》要求，银行保险机构应在官方网站首页设置消费投诉板块，并保持链接有效。,纠纷多元化解机制,易,"第八条 银行保险机构应当在官方网站、移动客户端、营业场所或者办公场所醒目位置公布本单位的投诉电话、通讯地址等投诉渠道信息和消费投诉处理流程，开通电子邮件、官网平台等互联网投诉渠道的，应当公布本单位接收消费投诉的电子邮箱、网址等。在产品或者服务合约中，银行保险机构应当提供投诉电话或者其他投诉渠道信息。
——《银行业保险业消费投诉处理管理办法》第八条",正确,,,,,
《银行业保险业消费投诉处理管理办法》规定，银行保险机构对于事实清楚、争议简单的投诉，应当自收到之日起 15 日内作出处理决定。,纠纷多元化解机制,易,"第十八条 银行保险机构应当依照相关法律法规、合同约定，公平公正作出处理决定，对于事实清楚、争议情况简单的消费投诉，应当自收到消费投诉之日起15日内作出处理决定并告知投诉人，情况复杂的可以延长至30日；情况特别复杂或者有其他特殊原因的，经其上级机构或者总行、总公司高级管理人员审批并告知投诉人，可以再延长30日。
——《银行业保险业消费投诉处理管理办法》第十八条",正确,,,,,
风险测评问卷可以由金融机构员工代客户填写，以提高效率。,金融基础知识,易,依据：《证券期货投资者适当性管理办法》第二十二条：“禁止经营机构进行下列销售产品或者提供服务的活动：……（三）向普通投资者主动推介风险等级高于其风险承受能力的产品或者服务；（四）向普通投资者主动推介不符合其投资目标的产品或者服务；……” 代填问卷无法确保评估的真实性，易导致风险错配，为监管所禁止。,错误,,,,,
保险销售宣传内容必须与保险合同条款完全一致。,综合类,易,第一条，要求销售宣传内容与合同条款保持一致。——11.中国银监会关于提升银行业服务实体经济质效的指导意见（银监发[2017]4号）,正确,,,,,
保险公司必须建立小额理赔案件快速处理机制，并简化理赔手续以减少不必要的材料？,综合类,易,第二条，深入推进行业小额理赔案件快速处理机制建设，简化理赔手续。——中国银保监会关于切实加强和改进保险服务的通知银保监发〔2018〕40号,正确,,,,,
保险公司在销售保险产品时，必须明确区分保险产品与其他金融产品，并标明其保险性质？,综合类,易,第一条，保险产品在宣传时应当与其他性质、类别的金融产品区分展示。——中国银保监会关于切实加强和改进保险服务的通知银保监发〔2018〕40号,正确,,,,,
保险公司可以允许销售人员夸大产品功能，以促进销售业绩？,综合类,易,第一条，不得夸大产品功能，不得虚假承诺，不得诱导误导消费者。——中国银保监会关于切实加强和改进保险服务的通知银保监发〔2018〕40号,错误,,,,,
非法集资人是指发起、主导或者组织实施非法集资的单位和个人？,综合类,易,非法集资人是指发起、主导或者组织实施非法集资的单位和个人。——《防范和处置非法集资条例》,正确,,,,,
银行保险机构在贷款类产品中必须明示年化利率？,综合类,易,第二十二条，贷款类产品应当明示年化利率——38.银行保险机构消费者权益保护管理办法,正确,,,,,
银行保险机构向消费者提供产品时，必须使用专业术语与通俗用语结合，以确保信息披露的准确性，理解性？,综合类,易,第二十一条，应使用通俗易懂的语言和有利于消费者理解的方式披露信息——38.银行保险机构消费者权益保护管理办法,错误,,,,,
投保人可以为配偶、子女或父母购买适用个人所得税优惠政策的商业健康保险，并享受税收优惠？,综合类,易,第一条第（二）款，被保险人的范围包括投保人本人、配偶、子女或父母。——40.国家金融监督管理总局关于适用商业健康保险个人所得税优惠政策产品有关事项的通知,正确,,,,,
保险公司可以拒绝为70岁及以上老年人或患有慢性病的群体提供保险保障？,综合类,易,第四条第（十二）项，支持保险公司对有既往症和慢性病的老年人群体给予合理保障。——国家金融监督管理总局关于进一步提升金融服务适老化水平的指导意见,错误,,,,,
金融机构在提供金融服务时，可以强制要求老年人使用银行卡或自助设备办理业务？,综合类,易,第五条第（五）项，不得强制要求老年人使用银行卡、互联网移动应用和自助式智能设备。——国家金融监督管理总局关于进一步提升金融服务适老化水平的指导意见,错误,,,,,
金融机构在向老年人销售金融产品时，无需进行风险承受能力评估和风险提示？,综合类,易,第五条第（十五）项，需更加审慎地开展风险承受能力评估，进一步做好风险提示。——国家金融监督管理总局关于进一步提升金融服务适老化水平的指导意见,错误,,,,,
任何单位和个人都应当爱护人民币，禁止损害人民币和妨碍人民币流通。,综合类,易,任何单位和个人都应当爱护人民币，禁止损害人民币和妨碍人民币流通。——《中华人民共和国人民币管理条例》第六条,正确,,,,,
金融机构可以将残缺、污损的人民币对外支付。,综合类,易,中国人民银行不得将残缺、污损的人民币支付给金融机构，金融机构不得将残缺、污损的人民币对外支付。——《中华人民共和国人民币管理条例》第二十二条,错误,,,,,
中国人民银行可以将停止流通的人民币支付给金融机构。,综合类,易,中国人民银行不得将停止流通的人民币支付给金融机构，金融机构不得将停止流通的人民币对外支付。——《中华人民共和国人民币管理条例》第二十一条,错误,,,,,
机动车交通事故责任强制保险的保险标志可以伪造或变造。,综合类,易,任何单位或者个人不得伪造、变造或者使用伪造、变造的保险标志。——《机动车交通事故责任强制保险条例》第十二条,错误,,,,,
机动车交通事故责任强制保险的赔偿责任限额全国统一。,综合类,易,机动车交通事故责任强制保险在全国范围内实行统一的责任限额。——《机动车交通事故责任强制保险条例》第二十三条,正确,,,,,
根据《储蓄管理条例》，任何单位和个人不得将公款以个人名义转为储蓄存款。,综合类,易,任何单位和个人不得将公款以个人名义转为储蓄存款。——《储蓄管理条例》第三条,正确,,,,,
根据《储蓄管理条例》，储蓄机构可以使用不正当手段吸收储蓄存款。,综合类,易,储蓄机构不得使用不正当手段吸收储蓄存款。——《储蓄管理条例》第十五条,错误,,,,,
 根据《储蓄管理条例》，储蓄机构可以随意变动储蓄存款利率。,综合类,易,储蓄机构必须挂牌公告储蓄存款利率，不得擅自变动。 ——《储蓄管理条例》第二十三条,错误,,,,,
根据《储蓄管理条例》，储蓄机构可以代任何单位和个人查询、冻结或者划拨储蓄存款。,综合类,易,储蓄机构不代任何单位和个人查询、冻结或者划拨储蓄存款，国家法律、行政法规另有规定的除外。——《储蓄管理条例》第三十二条,错误,,,,,
录音录像需征得消费者同意，否则不能销售产品。,综合类,易,《银行业金融机构销售专区录音录像管理暂行规定》第十条：银行业金融机构销售过程进行同步录音录像行为应征得消费者同意，如其不同意则不能销售产品。,正确,,,,,
商业银行可以宣传理财产品的预期收益率。,综合类,易,《商业银行理财业务监督管理办法》第二十六条：商业银行发行理财产品，不得宣传理财产品预期收益率。,错误,,,,,
商业银行可以将理财产品财产归入自有资产进行清算。,综合类,易,《商业银行理财业务监督管理办法》第四条：商业银行理财产品财产独立于管理人、托管机构的自有资产。,错误,,,,,
保险公司可以强制客户购买与保险产品捆绑的健康管理服务。,综合类,易,《中国银保监会办公厅关于规范保险公司健康管理服务的通知》一、（五）第三段 单独提供健康管理服务的，不得与保险产品捆绑强制销售，不得强制要求购买保险产品的客户购买健康管理服务。。,错误,,,,,
金融机构必须在公开渠道展示汽车贷款产品的年化利率及费率。,综合类,易,依据《中国银保监会关于进一步规范汽车金融业务的通知》第三条第（八）项，公开信息。金融机构应在公开渠道展示各项汽车贷款产品的年化贷款利率及费率、贷款违约金、担保方式等关键信息。金融机构应当要求合作经销商在公开渠道门店展示开展汽车金融业务的全部合作金融机构名单及其官方网站、微信公众号等信息，不得引导经销商故意隐瞒其他金融机构贷款产品信息。经销商应主动告知消费者通过查阅合作金融机构在公开渠道披露的贷款产品信息，保障消费者的知情权和自主选择权。,正确,,,,,
保险销售从业人员可代为签署投保提示书。,综合类,易,《保险销售行为可回溯管理暂行办法》第七条（五）投保人签署投保单、投保提示书、免除保险人责任条款的书面说明等相关文件。,错误,,,,,
互联网保险产品可销售超出保险公司业务范围的险种。,综合类,易,《互联网保险业务监管办法》第三条：互联网保险业务应由依法设立的保险机构开展，其他机构和个人不得开展互联网保险业务。保险机构开展互联网保险业务，不得超出该机构许可证（备案表）上载明的业务范围。,错误,,,,,
银行业金融机构可以为未满18岁的在校大学生提供贷款服务。,综合类,易,《中国银监会关于银行业风险防控工作的指导意见银监发〔2017〕6号》第（二十八）条：禁止向未满18岁学生提供网贷服务。网络借贷信息中介机构不得将不具备还款能力的借款人纳入营销范围，禁止向未满18岁的在校大学生提供网贷服务。,错误,,,,,
银行业金融机构在校园内开展线下营销活动需提前向教育机构报备并取得同意。,综合类,易,依据《关于进一步规范大学生互联网消费贷款监督管理工作的通知》第一（二）条，要加强营销管理，银行业金融机构及其合作机构不得针对大学生群体线上精准营销，在校园内开展的线下营销宣传活动需事先向营销地监管部门报备，并就开展营销活动的具体地点、日期、时间和活动内容提前告知相关教育机构并取得该教育机构的同意，营销活动不得使用欺骗性、引人误解或诱导性宣传等不当方式，诱导大学生申请消费贷款。,正确,,,,,
对于不同意报送信贷信息的大学生，放贷机构仍可向其发放贷款。,综合类,易,依据《关于进一步规范大学生互联网消费贷款监督管理工作的通知》第一（二）条，要加强征信信息报送，按照《征信业管理条例》，将大学生互联网消费贷款所有信贷信息及时、完整、准确报送至金融信用信息基础数据库。对于不同意报送信贷信息的大学生，不得向其发放贷款。,错误,,,,,
商业银行服务价格信息披露需在网站主页和营业场所醒目位置公示。,综合类,易,根据《商业银行服务价格管理办法》第十九条、第二十条，商业银行服务价格信息披露需同时通过营业场所醒目位置和网站主页醒目位置进行公示，确保客户线上线下均可便捷获取信息。题目表述正确，答案为正确。,正确?,,,,,
客户不接受服务价格的，商业银行不得强制或变相强制其接受服务。?,综合类,易,根据《商业银行服务价格管理办法》第四条、第五条、第十七条、第二十五条，商业银行必须尊重客户的自主选择权。客户不接受服务价格时，银行不得强制或变相强制其接受。题目表述正确，答案为正确。,正确?,,,,,
商业银行服务价格投诉管理制度需明确处理期限，确保及时处理客户投诉。,综合类,易,根据《商业银行服务价格管理办法》第三十条、第三十一条，商业银行必须建立投诉管理制度，明确处理期限并确保及时处理客户投诉。题目表述正确，答案为正确。,正确?,,,,,
